scope_type,scope_code,cohort_year,cohort_parcels,sold_within_12_months,rate_pct,reason
departement,35,2021,4783,2750,57.5,
epci,200038990,2021,111,59,,support insuffisant : 111 < 200
epci,200039022,2021,341,179,52.5,
epci,200043990,2021,127,68,,support insuffisant : 127 < 200
epci,200070662,2021,104,66,,support insuffisant : 104 < 200
epci,200070670,2021,108,56,,support insuffisant : 108 < 200
epci,200070688,2021,81,39,,support insuffisant : 81 < 200
epci,200072452,2021,235,138,58.7,
epci,243500139,2021,2199,1322,60.1,
epci,243500550,2021,95,48,,support insuffisant : 95 < 200
epci,243500618,2021,71,35,,support insuffisant : 71 < 200
epci,243500634,2021,101,61,,support insuffisant : 101 < 200
epci,243500659,2021,104,57,,support insuffisant : 104 < 200
epci,243500667,2021,125,79,,support insuffisant : 125 < 200
epci,243500725,2021,201,118,58.7,
epci,243500733,2021,105,50,,support insuffisant : 105 < 200
epci,243500741,2021,120,70,,support insuffisant : 120 < 200
epci,243500774,2021,113,44,,support insuffisant : 113 < 200
epci,243500782,2021,442,261,59.0,
commune,35001,2021,26,20,,support insuffisant : 26 < 200
commune,35002,2021,5,5,,support insuffisant : 5 < 200
commune,35003,2021,3,1,,support insuffisant : 3 < 200
commune,35004,2021,12,4,,support insuffisant : 12 < 200
commune,35005,2021,1,1,,support insuffisant : 1 < 200
commune,35006,2021,24,10,,support insuffisant : 24 < 200
commune,35007,2021,2,2,,support insuffisant : 2 < 200
commune,35008,2021,2,2,,support insuffisant : 2 < 200
commune,35009,2021,4,3,,support insuffisant : 4 < 200
commune,35010,2021,7,4,,support insuffisant : 7 < 200
commune,35012,2021,34,21,,support insuffisant : 34 < 200
commune,35013,2021,4,2,,support insuffisant : 4 < 200
commune,35014,2021,7,6,,support insuffisant : 7 < 200
commune,35015,2021,9,4,,support insuffisant : 9 < 200
commune,35016,2021,7,4,,support insuffisant : 7 < 200
commune,35017,2021,1,1,,support insuffisant : 1 < 200
commune,35018,2021,2,2,,support insuffisant : 2 < 200
commune,35019,2021,9,5,,support insuffisant : 9 < 200
commune,35021,2021,6,4,,support insuffisant : 6 < 200
commune,35022,2021,19,3,,support insuffisant : 19 < 200
commune,35023,2021,18,4,,support insuffisant : 18 < 200
commune,35024,2021,61,37,,support insuffisant : 61 < 200
commune,35025,2021,1,1,,support insuffisant : 1 < 200
commune,35027,2021,7,0,,support insuffisant : 7 < 200
commune,35028,2021,4,2,,support insuffisant : 4 < 200
commune,35029,2021,11,3,,support insuffisant : 11 < 200
commune,35030,2021,2,1,,support insuffisant : 2 < 200
commune,35031,2021,17,0,,support insuffisant : 17 < 200
commune,35032,2021,21,17,,support insuffisant : 21 < 200
commune,35033,2021,7,4,,support insuffisant : 7 < 200
commune,35034,2021,5,4,,support insuffisant : 5 < 200
commune,35035,2021,1,1,,support insuffisant : 1 < 200
commune,35037,2021,19,9,,support insuffisant : 19 < 200
commune,35039,2021,5,3,,support insuffisant : 5 < 200
commune,35040,2021,17,9,,support insuffisant : 17 < 200
commune,35041,2021,2,2,,support insuffisant : 2 < 200
commune,35042,2021,1,0,,support insuffisant : 1 < 200
commune,35044,2021,1,1,,support insuffisant : 1 < 200
commune,35045,2021,1,1,,support insuffisant : 1 < 200
commune,35047,2021,86,42,,support insuffisant : 86 < 200
commune,35049,2021,32,13,,support insuffisant : 32 < 200
commune,35050,2021,1,0,,support insuffisant : 1 < 200
commune,35051,2021,96,54,,support insuffisant : 96 < 200
commune,35052,2021,1,1,,support insuffisant : 1 < 200
commune,35054,2021,1,1,,support insuffisant : 1 < 200
commune,35055,2021,51,24,,support insuffisant : 51 < 200
commune,35056,2021,3,1,,support insuffisant : 3 < 200
commune,35057,2021,5,4,,support insuffisant : 5 < 200
commune,35058,2021,7,5,,support insuffisant : 7 < 200
commune,35059,2021,28,16,,support insuffisant : 28 < 200
commune,35060,2021,3,1,,support insuffisant : 3 < 200
commune,35061,2021,1,1,,support insuffisant : 1 < 200
commune,35062,2021,4,2,,support insuffisant : 4 < 200
commune,35063,2021,1,0,,support insuffisant : 1 < 200
commune,35064,2021,9,3,,support insuffisant : 9 < 200
commune,35065,2021,4,4,,support insuffisant : 4 < 200
commune,35066,2021,46,29,,support insuffisant : 46 < 200
commune,35067,2021,10,4,,support insuffisant : 10 < 200
commune,35068,2021,38,21,,support insuffisant : 38 < 200
commune,35069,2021,47,22,,support insuffisant : 47 < 200
commune,35070,2021,10,6,,support insuffisant : 10 < 200
commune,35071,2021,1,0,,support insuffisant : 1 < 200
commune,35072,2021,7,4,,support insuffisant : 7 < 200
commune,35075,2021,8,6,,support insuffisant : 8 < 200
commune,35076,2021,17,14,,support insuffisant : 17 < 200
commune,35077,2021,1,0,,support insuffisant : 1 < 200
commune,35078,2021,8,2,,support insuffisant : 8 < 200
commune,35079,2021,10,8,,support insuffisant : 10 < 200
commune,35080,2021,10,5,,support insuffisant : 10 < 200
commune,35081,2021,2,2,,support insuffisant : 2 < 200
commune,35082,2021,1,1,,support insuffisant : 1 < 200
commune,35085,2021,16,6,,support insuffisant : 16 < 200
commune,35086,2021,1,1,,support insuffisant : 1 < 200
commune,35087,2021,2,2,,support insuffisant : 2 < 200
commune,35088,2021,7,4,,support insuffisant : 7 < 200
commune,35089,2021,1,1,,support insuffisant : 1 < 200
commune,35090,2021,11,8,,support insuffisant : 11 < 200
commune,35092,2021,4,1,,support insuffisant : 4 < 200
commune,35093,2021,117,70,,support insuffisant : 117 < 200
commune,35094,2021,9,5,,support insuffisant : 9 < 200
commune,35095,2021,31,14,,support insuffisant : 31 < 200
commune,35096,2021,11,8,,support insuffisant : 11 < 200
commune,35097,2021,5,3,,support insuffisant : 5 < 200
commune,35098,2021,5,4,,support insuffisant : 5 < 200
commune,35099,2021,10,8,,support insuffisant : 10 < 200
commune,35101,2021,4,1,,support insuffisant : 4 < 200
commune,35103,2021,3,0,,support insuffisant : 3 < 200
commune,35104,2021,7,3,,support insuffisant : 7 < 200
commune,35105,2021,4,3,,support insuffisant : 4 < 200
commune,35106,2021,3,3,,support insuffisant : 3 < 200
commune,35107,2021,12,8,,support insuffisant : 12 < 200
commune,35108,2021,2,2,,support insuffisant : 2 < 200
commune,35109,2021,11,7,,support insuffisant : 11 < 200
commune,35110,2021,2,1,,support insuffisant : 2 < 200
commune,35111,2021,3,2,,support insuffisant : 3 < 200
commune,35114,2021,1,0,,support insuffisant : 1 < 200
commune,35115,2021,148,87,,support insuffisant : 148 < 200
commune,35116,2021,14,10,,support insuffisant : 14 < 200
commune,35117,2021,1,1,,support insuffisant : 1 < 200
commune,35118,2021,4,3,,support insuffisant : 4 < 200
commune,35119,2021,3,3,,support insuffisant : 3 < 200
commune,35120,2021,21,13,,support insuffisant : 21 < 200
commune,35121,2021,9,3,,support insuffisant : 9 < 200
commune,35122,2021,4,4,,support insuffisant : 4 < 200
commune,35123,2021,14,5,,support insuffisant : 14 < 200
commune,35124,2021,11,5,,support insuffisant : 11 < 200
commune,35125,2021,28,12,,support insuffisant : 28 < 200
commune,35126,2021,28,14,,support insuffisant : 28 < 200
commune,35127,2021,15,6,,support insuffisant : 15 < 200
commune,35128,2021,2,1,,support insuffisant : 2 < 200
commune,35130,2021,5,2,,support insuffisant : 5 < 200
commune,35131,2021,19,12,,support insuffisant : 19 < 200
commune,35132,2021,4,4,,support insuffisant : 4 < 200
commune,35133,2021,10,6,,support insuffisant : 10 < 200
commune,35135,2021,19,13,,support insuffisant : 19 < 200
commune,35136,2021,35,24,,support insuffisant : 35 < 200
commune,35137,2021,5,2,,support insuffisant : 5 < 200
commune,35139,2021,21,14,,support insuffisant : 21 < 200
commune,35140,2021,2,1,,support insuffisant : 2 < 200
commune,35141,2021,2,1,,support insuffisant : 2 < 200
commune,35142,2021,5,2,,support insuffisant : 5 < 200
commune,35143,2021,3,1,,support insuffisant : 3 < 200
commune,35144,2021,3,3,,support insuffisant : 3 < 200
commune,35145,2021,5,5,,support insuffisant : 5 < 200
commune,35146,2021,2,0,,support insuffisant : 2 < 200
commune,35149,2021,4,3,,support insuffisant : 4 < 200
commune,35150,2021,8,6,,support insuffisant : 8 < 200
commune,35152,2021,41,17,,support insuffisant : 41 < 200
commune,35153,2021,1,1,,support insuffisant : 1 < 200
commune,35154,2021,7,6,,support insuffisant : 7 < 200
commune,35155,2021,2,1,,support insuffisant : 2 < 200
commune,35157,2021,2,1,,support insuffisant : 2 < 200
commune,35159,2021,1,0,,support insuffisant : 1 < 200
commune,35160,2021,3,2,,support insuffisant : 3 < 200
commune,35161,2021,12,5,,support insuffisant : 12 < 200
commune,35162,2021,10,7,,support insuffisant : 10 < 200
commune,35163,2021,3,2,,support insuffisant : 3 < 200
commune,35164,2021,1,1,,support insuffisant : 1 < 200
commune,35166,2021,2,1,,support insuffisant : 2 < 200
commune,35167,2021,6,5,,support insuffisant : 6 < 200
commune,35168,2021,7,6,,support insuffisant : 7 < 200
commune,35169,2021,6,4,,support insuffisant : 6 < 200
commune,35170,2021,1,1,,support insuffisant : 1 < 200
commune,35171,2021,12,6,,support insuffisant : 12 < 200
commune,35172,2021,5,3,,support insuffisant : 5 < 200
commune,35173,2021,27,17,,support insuffisant : 27 < 200
commune,35174,2021,1,0,,support insuffisant : 1 < 200
commune,35175,2021,3,1,,support insuffisant : 3 < 200
commune,35176,2021,27,16,,support insuffisant : 27 < 200
commune,35177,2021,17,10,,support insuffisant : 17 < 200
commune,35178,2021,2,0,,support insuffisant : 2 < 200
commune,35179,2021,13,7,,support insuffisant : 13 < 200
commune,35180,2021,4,3,,support insuffisant : 4 < 200
commune,35181,2021,8,4,,support insuffisant : 8 < 200
commune,35183,2021,2,2,,support insuffisant : 2 < 200
commune,35184,2021,20,15,,support insuffisant : 20 < 200
commune,35186,2021,3,1,,support insuffisant : 3 < 200
commune,35187,2021,2,1,,support insuffisant : 2 < 200
commune,35188,2021,22,11,,support insuffisant : 22 < 200
commune,35189,2021,19,12,,support insuffisant : 19 < 200
commune,35191,2021,9,5,,support insuffisant : 9 < 200
commune,35192,2021,5,1,,support insuffisant : 5 < 200
commune,35193,2021,7,4,,support insuffisant : 7 < 200
commune,35194,2021,2,0,,support insuffisant : 2 < 200
commune,35195,2021,11,9,,support insuffisant : 11 < 200
commune,35196,2021,28,19,,support insuffisant : 28 < 200
commune,35197,2021,6,5,,support insuffisant : 6 < 200
commune,35198,2021,2,1,,support insuffisant : 2 < 200
commune,35199,2021,2,1,,support insuffisant : 2 < 200
commune,35200,2021,4,3,,support insuffisant : 4 < 200
commune,35201,2021,2,2,,support insuffisant : 2 < 200
commune,35203,2021,2,1,,support insuffisant : 2 < 200
commune,35204,2021,11,9,,support insuffisant : 11 < 200
commune,35206,2021,24,10,,support insuffisant : 24 < 200
commune,35207,2021,24,14,,support insuffisant : 24 < 200
commune,35208,2021,17,8,,support insuffisant : 17 < 200
commune,35210,2021,44,26,,support insuffisant : 44 < 200
commune,35211,2021,8,4,,support insuffisant : 8 < 200
commune,35212,2021,3,1,,support insuffisant : 3 < 200
commune,35214,2021,2,1,,support insuffisant : 2 < 200
commune,35215,2021,2,2,,support insuffisant : 2 < 200
commune,35216,2021,6,5,,support insuffisant : 6 < 200
commune,35217,2021,1,0,,support insuffisant : 1 < 200
commune,35218,2021,2,2,,support insuffisant : 2 < 200
commune,35219,2021,15,8,,support insuffisant : 15 < 200
commune,35220,2021,9,9,,support insuffisant : 9 < 200
commune,35221,2021,6,3,,support insuffisant : 6 < 200
commune,35222,2021,7,4,,support insuffisant : 7 < 200
commune,35223,2021,22,10,,support insuffisant : 22 < 200
commune,35224,2021,12,7,,support insuffisant : 12 < 200
commune,35226,2021,7,5,,support insuffisant : 7 < 200
commune,35227,2021,13,9,,support insuffisant : 13 < 200
commune,35228,2021,31,16,,support insuffisant : 31 < 200
commune,35229,2021,4,3,,support insuffisant : 4 < 200
commune,35230,2021,2,1,,support insuffisant : 2 < 200
commune,35231,2021,3,0,,support insuffisant : 3 < 200
commune,35232,2021,2,1,,support insuffisant : 2 < 200
commune,35233,2021,3,2,,support insuffisant : 3 < 200
commune,35234,2021,5,2,,support insuffisant : 5 < 200
commune,35235,2021,3,1,,support insuffisant : 3 < 200
commune,35236,2021,71,44,,support insuffisant : 71 < 200
commune,35237,2021,3,0,,support insuffisant : 3 < 200
commune,35238,2021,1134,682,60.1,
commune,35239,2021,23,8,,support insuffisant : 23 < 200
commune,35240,2021,37,16,,support insuffisant : 37 < 200
commune,35241,2021,14,9,,support insuffisant : 14 < 200
commune,35242,2021,3,1,,support insuffisant : 3 < 200
commune,35243,2021,7,4,,support insuffisant : 7 < 200
commune,35245,2021,27,19,,support insuffisant : 27 < 200
commune,35246,2021,2,1,,support insuffisant : 2 < 200
commune,35247,2021,5,2,,support insuffisant : 5 < 200
commune,35248,2021,3,1,,support insuffisant : 3 < 200
commune,35250,2021,9,5,,support insuffisant : 9 < 200
commune,35251,2021,17,10,,support insuffisant : 17 < 200
commune,35252,2021,3,3,,support insuffisant : 3 < 200
commune,35253,2021,11,5,,support insuffisant : 11 < 200
commune,35255,2021,4,3,,support insuffisant : 4 < 200
commune,35256,2021,19,13,,support insuffisant : 19 < 200
commune,35257,2021,14,6,,support insuffisant : 14 < 200
commune,35258,2021,1,0,,support insuffisant : 1 < 200
commune,35259,2021,4,3,,support insuffisant : 4 < 200
commune,35263,2021,9,6,,support insuffisant : 9 < 200
commune,35264,2021,6,3,,support insuffisant : 6 < 200
commune,35265,2021,5,4,,support insuffisant : 5 < 200
commune,35266,2021,21,18,,support insuffisant : 21 < 200
commune,35271,2021,1,1,,support insuffisant : 1 < 200
commune,35272,2021,3,3,,support insuffisant : 3 < 200
commune,35273,2021,14,5,,support insuffisant : 14 < 200
commune,35274,2021,4,2,,support insuffisant : 4 < 200
commune,35275,2021,18,12,,support insuffisant : 18 < 200
commune,35277,2021,4,1,,support insuffisant : 4 < 200
commune,35278,2021,53,34,,support insuffisant : 53 < 200
commune,35279,2021,1,0,,support insuffisant : 1 < 200
commune,35280,2021,3,1,,support insuffisant : 3 < 200
commune,35281,2021,70,44,,support insuffisant : 70 < 200
commune,35282,2021,4,1,,support insuffisant : 4 < 200
commune,35283,2021,6,5,,support insuffisant : 6 < 200
commune,35284,2021,4,2,,support insuffisant : 4 < 200
commune,35285,2021,2,1,,support insuffisant : 2 < 200
commune,35286,2021,1,1,,support insuffisant : 1 < 200
commune,35287,2021,12,6,,support insuffisant : 12 < 200
commune,35288,2021,307,184,59.9,
commune,35289,2021,2,1,,support insuffisant : 2 < 200
commune,35290,2021,3,3,,support insuffisant : 3 < 200
commune,35291,2021,3,1,,support insuffisant : 3 < 200
commune,35292,2021,5,4,,support insuffisant : 5 < 200
commune,35294,2021,3,1,,support insuffisant : 3 < 200
commune,35296,2021,4,3,,support insuffisant : 4 < 200
commune,35297,2021,29,11,,support insuffisant : 29 < 200
commune,35299,2021,10,2,,support insuffisant : 10 < 200
commune,35300,2021,4,3,,support insuffisant : 4 < 200
commune,35302,2021,2,0,,support insuffisant : 2 < 200
commune,35304,2021,12,6,,support insuffisant : 12 < 200
commune,35306,2021,4,2,,support insuffisant : 4 < 200
commune,35307,2021,3,2,,support insuffisant : 3 < 200
commune,35308,2021,15,10,,support insuffisant : 15 < 200
commune,35309,2021,2,1,,support insuffisant : 2 < 200
commune,35310,2021,4,3,,support insuffisant : 4 < 200
commune,35312,2021,2,0,,support insuffisant : 2 < 200
commune,35314,2021,3,2,,support insuffisant : 3 < 200
commune,35315,2021,6,3,,support insuffisant : 6 < 200
commune,35316,2021,3,2,,support insuffisant : 3 < 200
commune,35318,2021,2,0,,support insuffisant : 2 < 200
commune,35319,2021,10,6,,support insuffisant : 10 < 200
commune,35320,2021,2,2,,support insuffisant : 2 < 200
commune,35321,2021,4,3,,support insuffisant : 4 < 200
commune,35322,2021,7,5,,support insuffisant : 7 < 200
commune,35326,2021,8,7,,support insuffisant : 8 < 200
commune,35327,2021,14,4,,support insuffisant : 14 < 200
commune,35328,2021,7,5,,support insuffisant : 7 < 200
commune,35329,2021,3,2,,support insuffisant : 3 < 200
commune,35330,2021,4,2,,support insuffisant : 4 < 200
commune,35331,2021,9,7,,support insuffisant : 9 < 200
commune,35332,2021,3,2,,support insuffisant : 3 < 200
commune,35333,2021,12,7,,support insuffisant : 12 < 200
commune,35334,2021,35,17,,support insuffisant : 35 < 200
commune,35335,2021,5,4,,support insuffisant : 5 < 200
commune,35337,2021,11,4,,support insuffisant : 11 < 200
commune,35338,2021,3,2,,support insuffisant : 3 < 200
commune,35339,2021,6,4,,support insuffisant : 6 < 200
commune,35340,2021,4,1,,support insuffisant : 4 < 200
commune,35342,2021,2,1,,support insuffisant : 2 < 200
commune,35343,2021,3,3,,support insuffisant : 3 < 200
commune,35345,2021,1,1,,support insuffisant : 1 < 200
commune,35346,2021,1,0,,support insuffisant : 1 < 200
commune,35347,2021,6,6,,support insuffisant : 6 < 200
commune,35351,2021,3,2,,support insuffisant : 3 < 200
commune,35352,2021,44,30,,support insuffisant : 44 < 200
commune,35353,2021,16,10,,support insuffisant : 16 < 200
commune,35354,2021,1,0,,support insuffisant : 1 < 200
commune,35355,2021,3,0,,support insuffisant : 3 < 200
commune,35356,2021,6,4,,support insuffisant : 6 < 200
commune,35357,2021,1,0,,support insuffisant : 1 < 200
commune,35358,2021,5,4,,support insuffisant : 5 < 200
commune,35360,2021,108,44,,support insuffisant : 108 < 200
commune,35361,2021,8,6,,support insuffisant : 8 < 200
commune,35362,2021,5,4,,support insuffisant : 5 < 200
commune,35363,2021,13,9,,support insuffisant : 13 < 200
departement,35,2022,10546,5243,49.7,
epci,200038990,2022,237,106,44.7,
epci,200039022,2022,883,454,51.4,
epci,200043990,2022,362,190,52.5,
epci,200070662,2022,267,125,46.8,
epci,200070670,2022,231,111,48.1,
epci,200070688,2022,182,79,,support insuffisant : 182 < 200
epci,200072452,2022,641,310,48.4,
epci,243500139,2022,3964,1958,49.4,
epci,243500550,2022,221,135,61.1,
epci,243500618,2022,160,84,,support insuffisant : 160 < 200
epci,243500634,2022,255,134,52.5,
epci,243500659,2022,281,156,55.5,
epci,243500667,2022,351,184,52.4,
epci,243500725,2022,457,228,49.9,
epci,243500733,2022,337,137,40.7,
epci,243500741,2022,323,147,45.5,
epci,243500774,2022,231,97,42.0,
epci,243500782,2022,1163,608,52.3,
commune,35001,2022,53,32,,support insuffisant : 53 < 200
commune,35002,2022,8,3,,support insuffisant : 8 < 200
commune,35003,2022,10,5,,support insuffisant : 10 < 200
commune,35004,2022,42,25,,support insuffisant : 42 < 200
commune,35006,2022,43,16,,support insuffisant : 43 < 200
commune,35007,2022,3,3,,support insuffisant : 3 < 200
commune,35008,2022,2,1,,support insuffisant : 2 < 200
commune,35009,2022,11,4,,support insuffisant : 11 < 200
commune,35010,2022,10,3,,support insuffisant : 10 < 200
commune,35012,2022,75,34,,support insuffisant : 75 < 200
commune,35013,2022,37,18,,support insuffisant : 37 < 200
commune,35014,2022,25,15,,support insuffisant : 25 < 200
commune,35015,2022,29,15,,support insuffisant : 29 < 200
commune,35016,2022,24,11,,support insuffisant : 24 < 200
commune,35017,2022,7,5,,support insuffisant : 7 < 200
commune,35018,2022,9,5,,support insuffisant : 9 < 200
commune,35019,2022,13,1,,support insuffisant : 13 < 200
commune,35021,2022,8,6,,support insuffisant : 8 < 200
commune,35022,2022,7,3,,support insuffisant : 7 < 200
commune,35023,2022,27,18,,support insuffisant : 27 < 200
commune,35024,2022,97,52,,support insuffisant : 97 < 200
commune,35025,2022,9,6,,support insuffisant : 9 < 200
commune,35026,2022,1,0,,support insuffisant : 1 < 200
commune,35027,2022,11,6,,support insuffisant : 11 < 200
commune,35028,2022,6,4,,support insuffisant : 6 < 200
commune,35029,2022,17,8,,support insuffisant : 17 < 200
commune,35030,2022,5,2,,support insuffisant : 5 < 200
commune,35031,2022,40,3,,support insuffisant : 40 < 200
commune,35032,2022,31,21,,support insuffisant : 31 < 200
commune,35033,2022,28,18,,support insuffisant : 28 < 200
commune,35034,2022,11,4,,support insuffisant : 11 < 200
commune,35035,2022,1,0,,support insuffisant : 1 < 200
commune,35037,2022,42,20,,support insuffisant : 42 < 200
commune,35038,2022,9,5,,support insuffisant : 9 < 200
commune,35039,2022,11,7,,support insuffisant : 11 < 200
commune,35040,2022,36,18,,support insuffisant : 36 < 200
commune,35041,2022,4,1,,support insuffisant : 4 < 200
commune,35042,2022,10,3,,support insuffisant : 10 < 200
commune,35044,2022,2,1,,support insuffisant : 2 < 200
commune,35045,2022,7,5,,support insuffisant : 7 < 200
commune,35046,2022,9,3,,support insuffisant : 9 < 200
commune,35047,2022,149,77,,support insuffisant : 149 < 200
commune,35049,2022,97,47,,support insuffisant : 97 < 200
commune,35050,2022,1,0,,support insuffisant : 1 < 200
commune,35051,2022,159,91,,support insuffisant : 159 < 200
commune,35052,2022,4,2,,support insuffisant : 4 < 200
commune,35054,2022,9,4,,support insuffisant : 9 < 200
commune,35055,2022,108,60,,support insuffisant : 108 < 200
commune,35056,2022,10,5,,support insuffisant : 10 < 200
commune,35057,2022,6,3,,support insuffisant : 6 < 200
commune,35058,2022,14,10,,support insuffisant : 14 < 200
commune,35059,2022,42,26,,support insuffisant : 42 < 200
commune,35060,2022,8,5,,support insuffisant : 8 < 200
commune,35061,2022,11,5,,support insuffisant : 11 < 200
commune,35062,2022,17,7,,support insuffisant : 17 < 200
commune,35063,2022,2,0,,support insuffisant : 2 < 200
commune,35064,2022,16,3,,support insuffisant : 16 < 200
commune,35065,2022,16,12,,support insuffisant : 16 < 200
commune,35066,2022,78,42,,support insuffisant : 78 < 200
commune,35067,2022,10,7,,support insuffisant : 10 < 200
commune,35068,2022,78,49,,support insuffisant : 78 < 200
commune,35069,2022,114,59,,support insuffisant : 114 < 200
commune,35070,2022,27,16,,support insuffisant : 27 < 200
commune,35071,2022,1,1,,support insuffisant : 1 < 200
commune,35072,2022,21,11,,support insuffisant : 21 < 200
commune,35075,2022,6,5,,support insuffisant : 6 < 200
commune,35076,2022,39,20,,support insuffisant : 39 < 200
commune,35077,2022,2,1,,support insuffisant : 2 < 200
commune,35078,2022,15,8,,support insuffisant : 15 < 200
commune,35079,2022,18,8,,support insuffisant : 18 < 200
commune,35080,2022,15,9,,support insuffisant : 15 < 200
commune,35081,2022,13,7,,support insuffisant : 13 < 200
commune,35082,2022,14,6,,support insuffisant : 14 < 200
commune,35084,2022,3,1,,support insuffisant : 3 < 200
commune,35085,2022,71,31,,support insuffisant : 71 < 200
commune,35086,2022,5,2,,support insuffisant : 5 < 200
commune,35087,2022,7,1,,support insuffisant : 7 < 200
commune,35088,2022,28,15,,support insuffisant : 28 < 200
commune,35089,2022,4,2,,support insuffisant : 4 < 200
commune,35090,2022,19,6,,support insuffisant : 19 < 200
commune,35091,2022,3,1,,support insuffisant : 3 < 200
commune,35092,2022,4,2,,support insuffisant : 4 < 200
commune,35093,2022,255,131,51.4,
commune,35094,2022,14,7,,support insuffisant : 14 < 200
commune,35095,2022,61,32,,support insuffisant : 61 < 200
commune,35096,2022,29,16,,support insuffisant : 29 < 200
commune,35097,2022,5,4,,support insuffisant : 5 < 200
commune,35098,2022,5,1,,support insuffisant : 5 < 200
commune,35099,2022,38,25,,support insuffisant : 38 < 200
commune,35101,2022,5,3,,support insuffisant : 5 < 200
commune,35102,2022,1,1,,support insuffisant : 1 < 200
commune,35103,2022,6,4,,support insuffisant : 6 < 200
commune,35104,2022,11,4,,support insuffisant : 11 < 200
commune,35105,2022,17,10,,support insuffisant : 17 < 200
commune,35106,2022,13,9,,support insuffisant : 13 < 200
commune,35107,2022,15,10,,support insuffisant : 15 < 200
commune,35108,2022,6,3,,support insuffisant : 6 < 200
commune,35109,2022,22,11,,support insuffisant : 22 < 200
commune,35110,2022,7,5,,support insuffisant : 7 < 200
commune,35111,2022,5,3,,support insuffisant : 5 < 200
commune,35114,2022,1,1,,support insuffisant : 1 < 200
commune,35115,2022,363,163,44.9,
commune,35116,2022,25,12,,support insuffisant : 25 < 200
commune,35117,2022,15,6,,support insuffisant : 15 < 200
commune,35118,2022,12,6,,support insuffisant : 12 < 200
commune,35119,2022,7,4,,support insuffisant : 7 < 200
commune,35120,2022,74,38,,support insuffisant : 74 < 200
commune,35121,2022,17,8,,support insuffisant : 17 < 200
commune,35122,2022,17,11,,support insuffisant : 17 < 200
commune,35123,2022,26,13,,support insuffisant : 26 < 200
commune,35124,2022,32,11,,support insuffisant : 32 < 200
commune,35125,2022,59,30,,support insuffisant : 59 < 200
commune,35126,2022,71,33,,support insuffisant : 71 < 200
commune,35127,2022,40,22,,support insuffisant : 40 < 200
commune,35128,2022,11,4,,support insuffisant : 11 < 200
commune,35130,2022,31,16,,support insuffisant : 31 < 200
commune,35131,2022,47,32,,support insuffisant : 47 < 200
commune,35132,2022,14,5,,support insuffisant : 14 < 200
commune,35133,2022,24,16,,support insuffisant : 24 < 200
commune,35134,2022,4,4,,support insuffisant : 4 < 200
commune,35135,2022,23,13,,support insuffisant : 23 < 200
commune,35136,2022,98,49,,support insuffisant : 98 < 200
commune,35137,2022,13,7,,support insuffisant : 13 < 200
commune,35138,2022,5,3,,support insuffisant : 5 < 200
commune,35139,2022,52,28,,support insuffisant : 52 < 200
commune,35140,2022,6,2,,support insuffisant : 6 < 200
commune,35141,2022,3,1,,support insuffisant : 3 < 200
commune,35142,2022,13,6,,support insuffisant : 13 < 200
commune,35143,2022,11,3,,support insuffisant : 11 < 200
commune,35144,2022,6,4,,support insuffisant : 6 < 200
commune,35145,2022,14,8,,support insuffisant : 14 < 200
commune,35146,2022,4,1,,support insuffisant : 4 < 200
commune,35149,2022,9,6,,support insuffisant : 9 < 200
commune,35150,2022,30,14,,support insuffisant : 30 < 200
commune,35151,2022,3,1,,support insuffisant : 3 < 200
commune,35152,2022,66,36,,support insuffisant : 66 < 200
commune,35153,2022,2,1,,support insuffisant : 2 < 200
commune,35154,2022,17,8,,support insuffisant : 17 < 200
commune,35155,2022,3,1,,support insuffisant : 3 < 200
commune,35156,2022,2,0,,support insuffisant : 2 < 200
commune,35157,2022,5,2,,support insuffisant : 5 < 200
commune,35159,2022,4,0,,support insuffisant : 4 < 200
commune,35161,2022,25,13,,support insuffisant : 25 < 200
commune,35162,2022,41,25,,support insuffisant : 41 < 200
commune,35163,2022,8,2,,support insuffisant : 8 < 200
commune,35164,2022,8,3,,support insuffisant : 8 < 200
commune,35165,2022,15,6,,support insuffisant : 15 < 200
commune,35166,2022,7,4,,support insuffisant : 7 < 200
commune,35167,2022,32,21,,support insuffisant : 32 < 200
commune,35168,2022,36,20,,support insuffisant : 36 < 200
commune,35169,2022,18,11,,support insuffisant : 18 < 200
commune,35170,2022,6,5,,support insuffisant : 6 < 200
commune,35171,2022,22,3,,support insuffisant : 22 < 200
commune,35172,2022,16,3,,support insuffisant : 16 < 200
commune,35173,2022,80,47,,support insuffisant : 80 < 200
commune,35174,2022,4,3,,support insuffisant : 4 < 200
commune,35175,2022,9,4,,support insuffisant : 9 < 200
commune,35176,2022,77,42,,support insuffisant : 77 < 200
commune,35177,2022,51,24,,support insuffisant : 51 < 200
commune,35178,2022,16,11,,support insuffisant : 16 < 200
commune,35179,2022,50,27,,support insuffisant : 50 < 200
commune,35180,2022,3,3,,support insuffisant : 3 < 200
commune,35181,2022,16,8,,support insuffisant : 16 < 200
commune,35183,2022,7,5,,support insuffisant : 7 < 200
commune,35184,2022,64,33,,support insuffisant : 64 < 200
commune,35185,2022,1,1,,support insuffisant : 1 < 200
commune,35186,2022,13,5,,support insuffisant : 13 < 200
commune,35187,2022,11,8,,support insuffisant : 11 < 200
commune,35188,2022,75,49,,support insuffisant : 75 < 200
commune,35189,2022,25,16,,support insuffisant : 25 < 200
commune,35190,2022,2,1,,support insuffisant : 2 < 200
commune,35191,2022,13,3,,support insuffisant : 13 < 200
commune,35192,2022,2,1,,support insuffisant : 2 < 200
commune,35193,2022,20,11,,support insuffisant : 20 < 200
commune,35194,2022,8,5,,support insuffisant : 8 < 200
commune,35195,2022,21,9,,support insuffisant : 21 < 200
commune,35196,2022,65,35,,support insuffisant : 65 < 200
commune,35197,2022,10,8,,support insuffisant : 10 < 200
commune,35198,2022,11,5,,support insuffisant : 11 < 200
commune,35199,2022,1,1,,support insuffisant : 1 < 200
commune,35200,2022,5,3,,support insuffisant : 5 < 200
commune,35201,2022,5,2,,support insuffisant : 5 < 200
commune,35202,2022,7,6,,support insuffisant : 7 < 200
commune,35204,2022,23,10,,support insuffisant : 23 < 200
commune,35205,2022,3,1,,support insuffisant : 3 < 200
commune,35206,2022,48,17,,support insuffisant : 48 < 200
commune,35207,2022,73,39,,support insuffisant : 73 < 200
commune,35208,2022,40,22,,support insuffisant : 40 < 200
commune,35210,2022,124,62,,support insuffisant : 124 < 200
commune,35211,2022,24,16,,support insuffisant : 24 < 200
commune,35212,2022,11,6,,support insuffisant : 11 < 200
commune,35214,2022,10,7,,support insuffisant : 10 < 200
commune,35215,2022,12,9,,support insuffisant : 12 < 200
commune,35216,2022,15,11,,support insuffisant : 15 < 200
commune,35217,2022,14,9,,support insuffisant : 14 < 200
commune,35218,2022,7,6,,support insuffisant : 7 < 200
commune,35219,2022,34,16,,support insuffisant : 34 < 200
commune,35220,2022,25,16,,support insuffisant : 25 < 200
commune,35221,2022,16,6,,support insuffisant : 16 < 200
commune,35222,2022,18,10,,support insuffisant : 18 < 200
commune,35223,2022,45,19,,support insuffisant : 45 < 200
commune,35224,2022,27,14,,support insuffisant : 27 < 200
commune,35225,2022,9,2,,support insuffisant : 9 < 200
commune,35226,2022,22,9,,support insuffisant : 22 < 200
commune,35227,2022,26,15,,support insuffisant : 26 < 200
commune,35228,2022,56,29,,support insuffisant : 56 < 200
commune,35229,2022,12,6,,support insuffisant : 12 < 200
commune,35231,2022,5,4,,support insuffisant : 5 < 200
commune,35232,2022,6,3,,support insuffisant : 6 < 200
commune,35233,2022,14,4,,support insuffisant : 14 < 200
commune,35234,2022,6,2,,support insuffisant : 6 < 200
commune,35235,2022,10,5,,support insuffisant : 10 < 200
commune,35236,2022,158,68,,support insuffisant : 158 < 200
commune,35237,2022,14,6,,support insuffisant : 14 < 200
commune,35238,2022,1843,786,42.6,
commune,35239,2022,39,24,,support insuffisant : 39 < 200
commune,35240,2022,86,51,,support insuffisant : 86 < 200
commune,35241,2022,23,8,,support insuffisant : 23 < 200
commune,35242,2022,5,2,,support insuffisant : 5 < 200
commune,35243,2022,24,10,,support insuffisant : 24 < 200
commune,35244,2022,2,1,,support insuffisant : 2 < 200
commune,35245,2022,40,23,,support insuffisant : 40 < 200
commune,35246,2022,7,4,,support insuffisant : 7 < 200
commune,35247,2022,13,3,,support insuffisant : 13 < 200
commune,35248,2022,4,1,,support insuffisant : 4 < 200
commune,35249,2022,8,4,,support insuffisant : 8 < 200
commune,35250,2022,19,13,,support insuffisant : 19 < 200
commune,35251,2022,38,20,,support insuffisant : 38 < 200
commune,35252,2022,5,4,,support insuffisant : 5 < 200
commune,35253,2022,45,11,,support insuffisant : 45 < 200
commune,35255,2022,12,4,,support insuffisant : 12 < 200
commune,35256,2022,58,27,,support insuffisant : 58 < 200
commune,35257,2022,38,15,,support insuffisant : 38 < 200
commune,35258,2022,3,0,,support insuffisant : 3 < 200
commune,35259,2022,11,6,,support insuffisant : 11 < 200
commune,35260,2022,7,4,,support insuffisant : 7 < 200
commune,35261,2022,2,2,,support insuffisant : 2 < 200
commune,35262,2022,1,1,,support insuffisant : 1 < 200
commune,35263,2022,28,18,,support insuffisant : 28 < 200
commune,35264,2022,20,11,,support insuffisant : 20 < 200
commune,35265,2022,15,1,,support insuffisant : 15 < 200
commune,35266,2022,32,20,,support insuffisant : 32 < 200
commune,35268,2022,3,1,,support insuffisant : 3 < 200
commune,35270,2022,3,1,,support insuffisant : 3 < 200
commune,35271,2022,11,6,,support insuffisant : 11 < 200
commune,35272,2022,8,7,,support insuffisant : 8 < 200
commune,35273,2022,15,4,,support insuffisant : 15 < 200
commune,35274,2022,13,5,,support insuffisant : 13 < 200
commune,35275,2022,48,20,,support insuffisant : 48 < 200
commune,35276,2022,2,1,,support insuffisant : 2 < 200
commune,35277,2022,5,2,,support insuffisant : 5 < 200
commune,35278,2022,101,53,,support insuffisant : 101 < 200
commune,35279,2022,7,5,,support insuffisant : 7 < 200
commune,35280,2022,8,6,,support insuffisant : 8 < 200
commune,35281,2022,116,56,,support insuffisant : 116 < 200
commune,35282,2022,21,13,,support insuffisant : 21 < 200
commune,35283,2022,7,4,,support insuffisant : 7 < 200
commune,35284,2022,30,17,,support insuffisant : 30 < 200
commune,35285,2022,2,0,,support insuffisant : 2 < 200
commune,35286,2022,3,1,,support insuffisant : 3 < 200
commune,35287,2022,49,25,,support insuffisant : 49 < 200
commune,35288,2022,719,370,51.5,
commune,35289,2022,4,3,,support insuffisant : 4 < 200
commune,35290,2022,3,0,,support insuffisant : 3 < 200
commune,35291,2022,5,3,,support insuffisant : 5 < 200
commune,35292,2022,20,10,,support insuffisant : 20 < 200
commune,35294,2022,16,8,,support insuffisant : 16 < 200
commune,35295,2022,4,3,,support insuffisant : 4 < 200
commune,35296,2022,9,6,,support insuffisant : 9 < 200
commune,35297,2022,49,22,,support insuffisant : 49 < 200
commune,35299,2022,39,17,,support insuffisant : 39 < 200
commune,35300,2022,16,6,,support insuffisant : 16 < 200
commune,35302,2022,4,2,,support insuffisant : 4 < 200
commune,35304,2022,9,3,,support insuffisant : 9 < 200
commune,35305,2022,2,0,,support insuffisant : 2 < 200
commune,35306,2022,22,17,,support insuffisant : 22 < 200
commune,35307,2022,3,2,,support insuffisant : 3 < 200
commune,35308,2022,23,9,,support insuffisant : 23 < 200
commune,35309,2022,8,2,,support insuffisant : 8 < 200
commune,35310,2022,5,1,,support insuffisant : 5 < 200
commune,35311,2022,5,4,,support insuffisant : 5 < 200
commune,35312,2022,11,6,,support insuffisant : 11 < 200
commune,35314,2022,16,11,,support insuffisant : 16 < 200
commune,35315,2022,12,5,,support insuffisant : 12 < 200
commune,35316,2022,5,3,,support insuffisant : 5 < 200
commune,35317,2022,4,1,,support insuffisant : 4 < 200
commune,35318,2022,7,3,,support insuffisant : 7 < 200
commune,35319,2022,8,6,,support insuffisant : 8 < 200
commune,35320,2022,5,3,,support insuffisant : 5 < 200
commune,35321,2022,4,1,,support insuffisant : 4 < 200
commune,35322,2022,8,5,,support insuffisant : 8 < 200
commune,35324,2022,6,3,,support insuffisant : 6 < 200
commune,35326,2022,23,8,,support insuffisant : 23 < 200
commune,35327,2022,31,17,,support insuffisant : 31 < 200
commune,35328,2022,19,13,,support insuffisant : 19 < 200
commune,35329,2022,3,1,,support insuffisant : 3 < 200
commune,35330,2022,4,2,,support insuffisant : 4 < 200
commune,35331,2022,28,17,,support insuffisant : 28 < 200
commune,35332,2022,12,8,,support insuffisant : 12 < 200
commune,35333,2022,18,6,,support insuffisant : 18 < 200
commune,35334,2022,66,37,,support insuffisant : 66 < 200
commune,35335,2022,5,4,,support insuffisant : 5 < 200
commune,35337,2022,46,22,,support insuffisant : 46 < 200
commune,35338,2022,11,7,,support insuffisant : 11 < 200
commune,35339,2022,5,2,,support insuffisant : 5 < 200
commune,35340,2022,10,4,,support insuffisant : 10 < 200
commune,35342,2022,5,2,,support insuffisant : 5 < 200
commune,35343,2022,16,5,,support insuffisant : 16 < 200
commune,35345,2022,8,2,,support insuffisant : 8 < 200
commune,35346,2022,1,1,,support insuffisant : 1 < 200
commune,35347,2022,21,16,,support insuffisant : 21 < 200
commune,35350,2022,2,0,,support insuffisant : 2 < 200
commune,35351,2022,14,9,,support insuffisant : 14 < 200
commune,35352,2022,78,52,,support insuffisant : 78 < 200
commune,35353,2022,68,45,,support insuffisant : 68 < 200
commune,35354,2022,5,2,,support insuffisant : 5 < 200
commune,35355,2022,11,6,,support insuffisant : 11 < 200
commune,35356,2022,22,14,,support insuffisant : 22 < 200
commune,35357,2022,2,1,,support insuffisant : 2 < 200
commune,35358,2022,16,8,,support insuffisant : 16 < 200
commune,35359,2022,5,4,,support insuffisant : 5 < 200
commune,35360,2022,280,123,43.9,
commune,35361,2022,23,17,,support insuffisant : 23 < 200
commune,35362,2022,15,8,,support insuffisant : 15 < 200
commune,35363,2022,41,18,,support insuffisant : 41 < 200
departement,35,2023,11203,3884,34.7,
epci,200038990,2023,345,116,33.6,
epci,200039022,2023,1103,322,29.2,
epci,200043990,2023,488,179,36.7,
epci,200070662,2023,356,132,37.1,
epci,200070670,2023,270,95,35.2,
epci,200070688,2023,211,70,33.2,
epci,200072452,2023,636,236,37.1,
epci,243500139,2023,3751,1248,33.3,
epci,243500550,2023,272,89,32.7,
epci,243500618,2023,190,77,,support insuffisant : 190 < 200
epci,243500634,2023,266,95,35.7,
epci,243500659,2023,292,115,39.4,
epci,243500667,2023,387,142,36.7,
epci,243500725,2023,453,191,42.2,
epci,243500733,2023,376,131,34.8,
epci,243500741,2023,350,111,31.7,
epci,243500774,2023,334,88,26.3,
epci,243500782,2023,1123,447,39.8,
commune,35001,2023,81,23,,support insuffisant : 81 < 200
commune,35002,2023,10,3,,support insuffisant : 10 < 200
commune,35003,2023,11,7,,support insuffisant : 11 < 200
commune,35004,2023,39,14,,support insuffisant : 39 < 200
commune,35005,2023,2,1,,support insuffisant : 2 < 200
commune,35006,2023,74,18,,support insuffisant : 74 < 200
commune,35007,2023,5,3,,support insuffisant : 5 < 200
commune,35008,2023,3,0,,support insuffisant : 3 < 200
commune,35009,2023,13,4,,support insuffisant : 13 < 200
commune,35010,2023,9,4,,support insuffisant : 9 < 200
commune,35012,2023,100,39,,support insuffisant : 100 < 200
commune,35013,2023,38,17,,support insuffisant : 38 < 200
commune,35014,2023,43,7,,support insuffisant : 43 < 200
commune,35015,2023,28,5,,support insuffisant : 28 < 200
commune,35016,2023,29,13,,support insuffisant : 29 < 200
commune,35017,2023,6,4,,support insuffisant : 6 < 200
commune,35018,2023,3,1,,support insuffisant : 3 < 200
commune,35019,2023,21,6,,support insuffisant : 21 < 200
commune,35021,2023,8,4,,support insuffisant : 8 < 200
commune,35022,2023,12,4,,support insuffisant : 12 < 200
commune,35023,2023,32,14,,support insuffisant : 32 < 200
commune,35024,2023,102,48,,support insuffisant : 102 < 200
commune,35025,2023,13,5,,support insuffisant : 13 < 200
commune,35027,2023,20,13,,support insuffisant : 20 < 200
commune,35028,2023,3,2,,support insuffisant : 3 < 200
commune,35029,2023,16,10,,support insuffisant : 16 < 200
commune,35030,2023,6,4,,support insuffisant : 6 < 200
commune,35031,2023,58,3,,support insuffisant : 58 < 200
commune,35032,2023,33,11,,support insuffisant : 33 < 200
commune,35033,2023,30,17,,support insuffisant : 30 < 200
commune,35034,2023,20,5,,support insuffisant : 20 < 200
commune,35035,2023,2,2,,support insuffisant : 2 < 200
commune,35037,2023,72,30,,support insuffisant : 72 < 200
commune,35038,2023,2,0,,support insuffisant : 2 < 200
commune,35039,2023,23,7,,support insuffisant : 23 < 200
commune,35040,2023,28,12,,support insuffisant : 28 < 200
commune,35041,2023,9,5,,support insuffisant : 9 < 200
commune,35042,2023,2,1,,support insuffisant : 2 < 200
commune,35044,2023,4,1,,support insuffisant : 4 < 200
commune,35045,2023,8,0,,support insuffisant : 8 < 200
commune,35046,2023,8,6,,support insuffisant : 8 < 200
commune,35047,2023,147,64,,support insuffisant : 147 < 200
commune,35049,2023,102,41,,support insuffisant : 102 < 200
commune,35050,2023,3,2,,support insuffisant : 3 < 200
commune,35051,2023,180,50,,support insuffisant : 180 < 200
commune,35052,2023,3,1,,support insuffisant : 3 < 200
commune,35054,2023,9,5,,support insuffisant : 9 < 200
commune,35055,2023,97,31,,support insuffisant : 97 < 200
commune,35056,2023,6,1,,support insuffisant : 6 < 200
commune,35057,2023,11,2,,support insuffisant : 11 < 200
commune,35058,2023,13,7,,support insuffisant : 13 < 200
commune,35059,2023,60,31,,support insuffisant : 60 < 200
commune,35060,2023,5,3,,support insuffisant : 5 < 200
commune,35061,2023,5,2,,support insuffisant : 5 < 200
commune,35062,2023,19,8,,support insuffisant : 19 < 200
commune,35063,2023,6,2,,support insuffisant : 6 < 200
commune,35064,2023,10,4,,support insuffisant : 10 < 200
commune,35065,2023,15,6,,support insuffisant : 15 < 200
commune,35066,2023,85,34,,support insuffisant : 85 < 200
commune,35067,2023,10,5,,support insuffisant : 10 < 200
commune,35068,2023,90,37,,support insuffisant : 90 < 200
commune,35069,2023,121,54,,support insuffisant : 121 < 200
commune,35070,2023,23,6,,support insuffisant : 23 < 200
commune,35071,2023,1,1,,support insuffisant : 1 < 200
commune,35072,2023,31,7,,support insuffisant : 31 < 200
commune,35075,2023,9,2,,support insuffisant : 9 < 200
commune,35076,2023,47,25,,support insuffisant : 47 < 200
commune,35077,2023,6,3,,support insuffisant : 6 < 200
commune,35078,2023,19,3,,support insuffisant : 19 < 200
commune,35079,2023,19,7,,support insuffisant : 19 < 200
commune,35080,2023,26,12,,support insuffisant : 26 < 200
commune,35081,2023,5,2,,support insuffisant : 5 < 200
commune,35082,2023,15,4,,support insuffisant : 15 < 200
commune,35084,2023,2,0,,support insuffisant : 2 < 200
commune,35085,2023,72,27,,support insuffisant : 72 < 200
commune,35086,2023,8,3,,support insuffisant : 8 < 200
commune,35087,2023,10,2,,support insuffisant : 10 < 200
commune,35088,2023,55,13,,support insuffisant : 55 < 200
commune,35089,2023,3,1,,support insuffisant : 3 < 200
commune,35090,2023,16,8,,support insuffisant : 16 < 200
commune,35091,2023,5,2,,support insuffisant : 5 < 200
commune,35092,2023,5,1,,support insuffisant : 5 < 200
commune,35093,2023,227,90,39.6,
commune,35094,2023,27,12,,support insuffisant : 27 < 200
commune,35095,2023,67,28,,support insuffisant : 67 < 200
commune,35096,2023,32,14,,support insuffisant : 32 < 200
commune,35097,2023,17,6,,support insuffisant : 17 < 200
commune,35098,2023,24,6,,support insuffisant : 24 < 200
commune,35099,2023,32,15,,support insuffisant : 32 < 200
commune,35101,2023,18,5,,support insuffisant : 18 < 200
commune,35102,2023,3,1,,support insuffisant : 3 < 200
commune,35103,2023,5,2,,support insuffisant : 5 < 200
commune,35104,2023,14,6,,support insuffisant : 14 < 200
commune,35105,2023,22,9,,support insuffisant : 22 < 200
commune,35106,2023,8,4,,support insuffisant : 8 < 200
commune,35107,2023,18,5,,support insuffisant : 18 < 200
commune,35108,2023,11,3,,support insuffisant : 11 < 200
commune,35109,2023,31,5,,support insuffisant : 31 < 200
commune,35110,2023,11,2,,support insuffisant : 11 < 200
commune,35111,2023,3,0,,support insuffisant : 3 < 200
commune,35114,2023,1,1,,support insuffisant : 1 < 200
commune,35115,2023,292,108,37.0,
commune,35116,2023,22,14,,support insuffisant : 22 < 200
commune,35117,2023,9,1,,support insuffisant : 9 < 200
commune,35118,2023,9,3,,support insuffisant : 9 < 200
commune,35119,2023,14,2,,support insuffisant : 14 < 200
commune,35120,2023,65,24,,support insuffisant : 65 < 200
commune,35121,2023,15,6,,support insuffisant : 15 < 200
commune,35122,2023,30,15,,support insuffisant : 30 < 200
commune,35123,2023,45,16,,support insuffisant : 45 < 200
commune,35124,2023,43,11,,support insuffisant : 43 < 200
commune,35125,2023,100,23,,support insuffisant : 100 < 200
commune,35126,2023,96,35,,support insuffisant : 96 < 200
commune,35127,2023,43,8,,support insuffisant : 43 < 200
commune,35128,2023,16,7,,support insuffisant : 16 < 200
commune,35130,2023,34,14,,support insuffisant : 34 < 200
commune,35131,2023,47,18,,support insuffisant : 47 < 200
commune,35132,2023,13,6,,support insuffisant : 13 < 200
commune,35133,2023,41,10,,support insuffisant : 41 < 200
commune,35134,2023,1,1,,support insuffisant : 1 < 200
commune,35135,2023,34,9,,support insuffisant : 34 < 200
commune,35136,2023,86,30,,support insuffisant : 86 < 200
commune,35137,2023,18,12,,support insuffisant : 18 < 200
commune,35138,2023,4,2,,support insuffisant : 4 < 200
commune,35139,2023,58,21,,support insuffisant : 58 < 200
commune,35140,2023,6,1,,support insuffisant : 6 < 200
commune,35141,2023,6,5,,support insuffisant : 6 < 200
commune,35142,2023,11,4,,support insuffisant : 11 < 200
commune,35143,2023,12,4,,support insuffisant : 12 < 200
commune,35144,2023,18,5,,support insuffisant : 18 < 200
commune,35145,2023,8,2,,support insuffisant : 8 < 200
commune,35146,2023,6,3,,support insuffisant : 6 < 200
commune,35148,2023,1,0,,support insuffisant : 1 < 200
commune,35149,2023,21,6,,support insuffisant : 21 < 200
commune,35150,2023,44,21,,support insuffisant : 44 < 200
commune,35151,2023,12,2,,support insuffisant : 12 < 200
commune,35152,2023,98,38,,support insuffisant : 98 < 200
commune,35153,2023,8,3,,support insuffisant : 8 < 200
commune,35154,2023,19,1,,support insuffisant : 19 < 200
commune,35155,2023,15,5,,support insuffisant : 15 < 200
commune,35156,2023,2,0,,support insuffisant : 2 < 200
commune,35157,2023,3,2,,support insuffisant : 3 < 200
commune,35159,2023,3,1,,support insuffisant : 3 < 200
commune,35160,2023,3,1,,support insuffisant : 3 < 200
commune,35161,2023,27,16,,support insuffisant : 27 < 200
commune,35162,2023,53,8,,support insuffisant : 53 < 200
commune,35163,2023,13,3,,support insuffisant : 13 < 200
commune,35164,2023,22,3,,support insuffisant : 22 < 200
commune,35165,2023,6,1,,support insuffisant : 6 < 200
commune,35166,2023,9,0,,support insuffisant : 9 < 200
commune,35167,2023,32,14,,support insuffisant : 32 < 200
commune,35168,2023,68,22,,support insuffisant : 68 < 200
commune,35169,2023,4,1,,support insuffisant : 4 < 200
commune,35170,2023,7,3,,support insuffisant : 7 < 200
commune,35171,2023,22,8,,support insuffisant : 22 < 200
commune,35172,2023,13,0,,support insuffisant : 13 < 200
commune,35173,2023,75,32,,support insuffisant : 75 < 200
commune,35174,2023,14,3,,support insuffisant : 14 < 200
commune,35175,2023,4,2,,support insuffisant : 4 < 200
commune,35176,2023,80,36,,support insuffisant : 80 < 200
commune,35177,2023,59,19,,support insuffisant : 59 < 200
commune,35178,2023,28,10,,support insuffisant : 28 < 200
commune,35179,2023,50,19,,support insuffisant : 50 < 200
commune,35180,2023,8,3,,support insuffisant : 8 < 200
commune,35181,2023,16,7,,support insuffisant : 16 < 200
commune,35183,2023,11,3,,support insuffisant : 11 < 200
commune,35184,2023,77,27,,support insuffisant : 77 < 200
commune,35185,2023,2,0,,support insuffisant : 2 < 200
commune,35186,2023,15,7,,support insuffisant : 15 < 200
commune,35187,2023,10,6,,support insuffisant : 10 < 200
commune,35188,2023,89,26,,support insuffisant : 89 < 200
commune,35189,2023,40,22,,support insuffisant : 40 < 200
commune,35190,2023,2,1,,support insuffisant : 2 < 200
commune,35191,2023,17,6,,support insuffisant : 17 < 200
commune,35192,2023,2,1,,support insuffisant : 2 < 200
commune,35193,2023,19,7,,support insuffisant : 19 < 200
commune,35194,2023,8,4,,support insuffisant : 8 < 200
commune,35195,2023,17,7,,support insuffisant : 17 < 200
commune,35196,2023,93,18,,support insuffisant : 93 < 200
commune,35197,2023,19,5,,support insuffisant : 19 < 200
commune,35198,2023,9,3,,support insuffisant : 9 < 200
commune,35199,2023,4,1,,support insuffisant : 4 < 200
commune,35200,2023,9,1,,support insuffisant : 9 < 200
commune,35201,2023,18,1,,support insuffisant : 18 < 200
commune,35202,2023,12,6,,support insuffisant : 12 < 200
commune,35203,2023,1,1,,support insuffisant : 1 < 200
commune,35204,2023,24,11,,support insuffisant : 24 < 200
commune,35205,2023,1,1,,support insuffisant : 1 < 200
commune,35206,2023,65,21,,support insuffisant : 65 < 200
commune,35207,2023,75,22,,support insuffisant : 75 < 200
commune,35208,2023,52,19,,support insuffisant : 52 < 200
commune,35210,2023,121,58,,support insuffisant : 121 < 200
commune,35211,2023,29,13,,support insuffisant : 29 < 200
commune,35212,2023,17,6,,support insuffisant : 17 < 200
commune,35214,2023,11,2,,support insuffisant : 11 < 200
commune,35215,2023,10,6,,support insuffisant : 10 < 200
commune,35216,2023,18,12,,support insuffisant : 18 < 200
commune,35217,2023,25,9,,support insuffisant : 25 < 200
commune,35218,2023,7,4,,support insuffisant : 7 < 200
commune,35219,2023,33,8,,support insuffisant : 33 < 200
commune,35220,2023,26,10,,support insuffisant : 26 < 200
commune,35221,2023,30,11,,support insuffisant : 30 < 200
commune,35222,2023,27,11,,support insuffisant : 27 < 200
commune,35223,2023,47,15,,support insuffisant : 47 < 200
commune,35224,2023,25,11,,support insuffisant : 25 < 200
commune,35225,2023,3,0,,support insuffisant : 3 < 200
commune,35226,2023,34,8,,support insuffisant : 34 < 200
commune,35227,2023,52,9,,support insuffisant : 52 < 200
commune,35228,2023,90,47,,support insuffisant : 90 < 200
commune,35229,2023,13,5,,support insuffisant : 13 < 200
commune,35230,2023,5,3,,support insuffisant : 5 < 200
commune,35231,2023,12,5,,support insuffisant : 12 < 200
commune,35232,2023,6,2,,support insuffisant : 6 < 200
commune,35233,2023,7,1,,support insuffisant : 7 < 200
commune,35234,2023,13,5,,support insuffisant : 13 < 200
commune,35235,2023,11,2,,support insuffisant : 11 < 200
commune,35236,2023,163,52,,support insuffisant : 163 < 200
commune,35237,2023,14,6,,support insuffisant : 14 < 200
commune,35238,2023,1412,381,27.0,
commune,35239,2023,54,15,,support insuffisant : 54 < 200
commune,35240,2023,84,34,,support insuffisant : 84 < 200
commune,35241,2023,36,14,,support insuffisant : 36 < 200
commune,35242,2023,5,2,,support insuffisant : 5 < 200
commune,35243,2023,22,11,,support insuffisant : 22 < 200
commune,35244,2023,3,0,,support insuffisant : 3 < 200
commune,35245,2023,62,14,,support insuffisant : 62 < 200
commune,35246,2023,13,3,,support insuffisant : 13 < 200
commune,35247,2023,9,3,,support insuffisant : 9 < 200
commune,35248,2023,7,2,,support insuffisant : 7 < 200
commune,35249,2023,14,4,,support insuffisant : 14 < 200
commune,35250,2023,32,18,,support insuffisant : 32 < 200
commune,35251,2023,54,19,,support insuffisant : 54 < 200
commune,35252,2023,12,3,,support insuffisant : 12 < 200
commune,35253,2023,70,15,,support insuffisant : 70 < 200
commune,35255,2023,22,9,,support insuffisant : 22 < 200
commune,35256,2023,50,19,,support insuffisant : 50 < 200
commune,35257,2023,37,11,,support insuffisant : 37 < 200
commune,35258,2023,3,0,,support insuffisant : 3 < 200
commune,35259,2023,8,4,,support insuffisant : 8 < 200
commune,35260,2023,15,6,,support insuffisant : 15 < 200
commune,35261,2023,1,1,,support insuffisant : 1 < 200
commune,35262,2023,4,2,,support insuffisant : 4 < 200
commune,35263,2023,37,13,,support insuffisant : 37 < 200
commune,35264,2023,18,10,,support insuffisant : 18 < 200
commune,35265,2023,21,11,,support insuffisant : 21 < 200
commune,35266,2023,23,8,,support insuffisant : 23 < 200
commune,35268,2023,11,3,,support insuffisant : 11 < 200
commune,35270,2023,6,0,,support insuffisant : 6 < 200
commune,35271,2023,12,7,,support insuffisant : 12 < 200
commune,35272,2023,19,4,,support insuffisant : 19 < 200
commune,35273,2023,29,10,,support insuffisant : 29 < 200
commune,35274,2023,21,5,,support insuffisant : 21 < 200
commune,35275,2023,57,25,,support insuffisant : 57 < 200
commune,35276,2023,5,4,,support insuffisant : 5 < 200
commune,35277,2023,5,2,,support insuffisant : 5 < 200
commune,35278,2023,102,30,,support insuffisant : 102 < 200
commune,35279,2023,13,5,,support insuffisant : 13 < 200
commune,35280,2023,7,2,,support insuffisant : 7 < 200
commune,35281,2023,97,27,,support insuffisant : 97 < 200
commune,35282,2023,26,7,,support insuffisant : 26 < 200
commune,35283,2023,17,3,,support insuffisant : 17 < 200
commune,35284,2023,31,10,,support insuffisant : 31 < 200
commune,35285,2023,6,2,,support insuffisant : 6 < 200
commune,35286,2023,3,0,,support insuffisant : 3 < 200
commune,35287,2023,34,14,,support insuffisant : 34 < 200
commune,35288,2023,638,253,39.7,
commune,35289,2023,9,4,,support insuffisant : 9 < 200
commune,35290,2023,15,4,,support insuffisant : 15 < 200
commune,35291,2023,4,0,,support insuffisant : 4 < 200
commune,35292,2023,15,9,,support insuffisant : 15 < 200
commune,35294,2023,17,3,,support insuffisant : 17 < 200
commune,35295,2023,6,0,,support insuffisant : 6 < 200
commune,35296,2023,9,1,,support insuffisant : 9 < 200
commune,35297,2023,82,31,,support insuffisant : 82 < 200
commune,35299,2023,48,19,,support insuffisant : 48 < 200
commune,35300,2023,12,1,,support insuffisant : 12 < 200
commune,35302,2023,8,2,,support insuffisant : 8 < 200
commune,35304,2023,11,3,,support insuffisant : 11 < 200
commune,35305,2023,1,0,,support insuffisant : 1 < 200
commune,35306,2023,19,9,,support insuffisant : 19 < 200
commune,35307,2023,12,2,,support insuffisant : 12 < 200
commune,35308,2023,32,12,,support insuffisant : 32 < 200
commune,35309,2023,5,3,,support insuffisant : 5 < 200
commune,35310,2023,8,2,,support insuffisant : 8 < 200
commune,35311,2023,3,1,,support insuffisant : 3 < 200
commune,35312,2023,19,3,,support insuffisant : 19 < 200
commune,35314,2023,14,5,,support insuffisant : 14 < 200
commune,35315,2023,9,3,,support insuffisant : 9 < 200
commune,35316,2023,11,4,,support insuffisant : 11 < 200
commune,35317,2023,3,0,,support insuffisant : 3 < 200
commune,35318,2023,4,2,,support insuffisant : 4 < 200
commune,35319,2023,17,7,,support insuffisant : 17 < 200
commune,35320,2023,7,4,,support insuffisant : 7 < 200
commune,35321,2023,10,1,,support insuffisant : 10 < 200
commune,35322,2023,7,5,,support insuffisant : 7 < 200
commune,35324,2023,8,4,,support insuffisant : 8 < 200
commune,35326,2023,23,10,,support insuffisant : 23 < 200
commune,35327,2023,38,14,,support insuffisant : 38 < 200
commune,35328,2023,30,12,,support insuffisant : 30 < 200
commune,35329,2023,5,5,,support insuffisant : 5 < 200
commune,35330,2023,24,3,,support insuffisant : 24 < 200
commune,35331,2023,24,15,,support insuffisant : 24 < 200
commune,35332,2023,6,1,,support insuffisant : 6 < 200
commune,35333,2023,12,5,,support insuffisant : 12 < 200
commune,35334,2023,81,33,,support insuffisant : 81 < 200
commune,35335,2023,10,4,,support insuffisant : 10 < 200
commune,35337,2023,64,21,,support insuffisant : 64 < 200
commune,35338,2023,13,4,,support insuffisant : 13 < 200
commune,35339,2023,6,1,,support insuffisant : 6 < 200
commune,35340,2023,10,5,,support insuffisant : 10 < 200
commune,35342,2023,4,1,,support insuffisant : 4 < 200
commune,35343,2023,15,6,,support insuffisant : 15 < 200
commune,35345,2023,10,2,,support insuffisant : 10 < 200
commune,35346,2023,2,0,,support insuffisant : 2 < 200
commune,35347,2023,26,5,,support insuffisant : 26 < 200
commune,35350,2023,8,3,,support insuffisant : 8 < 200
commune,35351,2023,18,5,,support insuffisant : 18 < 200
commune,35352,2023,70,29,,support insuffisant : 70 < 200
commune,35353,2023,53,22,,support insuffisant : 53 < 200
commune,35354,2023,3,1,,support insuffisant : 3 < 200
commune,35355,2023,10,5,,support insuffisant : 10 < 200
commune,35356,2023,15,3,,support insuffisant : 15 < 200
commune,35357,2023,8,3,,support insuffisant : 8 < 200
commune,35358,2023,12,6,,support insuffisant : 12 < 200
commune,35359,2023,15,3,,support insuffisant : 15 < 200
commune,35360,2023,265,82,30.9,
commune,35361,2023,21,7,,support insuffisant : 21 < 200
commune,35362,2023,16,3,,support insuffisant : 16 < 200
commune,35363,2023,42,12,,support insuffisant : 42 < 200
departement,35,2024,9653,3424,35.5,
epci,200038990,2024,261,103,39.5,
epci,200039022,2024,807,297,36.8,
epci,200043990,2024,366,128,35.0,
epci,200070662,2024,285,100,35.1,
epci,200070670,2024,266,88,33.1,
epci,200070688,2024,210,78,37.1,
epci,200072452,2024,601,217,36.1,
epci,243500139,2024,2971,1065,35.8,
epci,243500550,2024,229,88,38.4,
epci,243500618,2024,182,62,,support insuffisant : 182 < 200
epci,243500634,2024,301,108,35.9,
epci,243500659,2024,276,112,40.6,
epci,243500667,2024,337,140,41.5,
epci,243500725,2024,544,151,27.8,
epci,243500733,2024,318,98,30.8,
epci,243500741,2024,299,113,37.8,
epci,243500774,2024,266,92,34.6,
epci,243500782,2024,1134,384,33.9,
commune,35001,2024,67,25,,support insuffisant : 67 < 200
commune,35002,2024,14,6,,support insuffisant : 14 < 200
commune,35003,2024,7,1,,support insuffisant : 7 < 200
commune,35004,2024,42,11,,support insuffisant : 42 < 200
commune,35005,2024,3,0,,support insuffisant : 3 < 200
commune,35006,2024,48,20,,support insuffisant : 48 < 200
commune,35007,2024,7,3,,support insuffisant : 7 < 200
commune,35008,2024,8,1,,support insuffisant : 8 < 200
commune,35009,2024,19,7,,support insuffisant : 19 < 200
commune,35010,2024,6,3,,support insuffisant : 6 < 200
commune,35012,2024,72,27,,support insuffisant : 72 < 200
commune,35013,2024,28,15,,support insuffisant : 28 < 200
commune,35014,2024,14,7,,support insuffisant : 14 < 200
commune,35015,2024,13,6,,support insuffisant : 13 < 200
commune,35016,2024,22,9,,support insuffisant : 22 < 200
commune,35017,2024,12,4,,support insuffisant : 12 < 200
commune,35018,2024,10,3,,support insuffisant : 10 < 200
commune,35019,2024,21,4,,support insuffisant : 21 < 200
commune,35021,2024,10,3,,support insuffisant : 10 < 200
commune,35022,2024,14,3,,support insuffisant : 14 < 200
commune,35023,2024,37,14,,support insuffisant : 37 < 200
commune,35024,2024,91,35,,support insuffisant : 91 < 200
commune,35025,2024,11,5,,support insuffisant : 11 < 200
commune,35026,2024,2,2,,support insuffisant : 2 < 200
commune,35027,2024,21,5,,support insuffisant : 21 < 200
commune,35028,2024,2,1,,support insuffisant : 2 < 200
commune,35029,2024,13,8,,support insuffisant : 13 < 200
commune,35030,2024,7,0,,support insuffisant : 7 < 200
commune,35031,2024,49,15,,support insuffisant : 49 < 200
commune,35032,2024,33,14,,support insuffisant : 33 < 200
commune,35033,2024,34,15,,support insuffisant : 34 < 200
commune,35034,2024,7,2,,support insuffisant : 7 < 200
commune,35035,2024,3,2,,support insuffisant : 3 < 200
commune,35037,2024,53,20,,support insuffisant : 53 < 200
commune,35038,2024,7,3,,support insuffisant : 7 < 200
commune,35039,2024,23,11,,support insuffisant : 23 < 200
commune,35040,2024,36,17,,support insuffisant : 36 < 200
commune,35041,2024,9,4,,support insuffisant : 9 < 200
commune,35042,2024,7,3,,support insuffisant : 7 < 200
commune,35044,2024,5,3,,support insuffisant : 5 < 200
commune,35045,2024,5,2,,support insuffisant : 5 < 200
commune,35046,2024,3,2,,support insuffisant : 3 < 200
commune,35047,2024,158,58,,support insuffisant : 158 < 200
commune,35049,2024,102,34,,support insuffisant : 102 < 200
commune,35050,2024,6,2,,support insuffisant : 6 < 200
commune,35051,2024,140,47,,support insuffisant : 140 < 200
commune,35052,2024,3,1,,support insuffisant : 3 < 200
commune,35054,2024,9,4,,support insuffisant : 9 < 200
commune,35055,2024,67,21,,support insuffisant : 67 < 200
commune,35056,2024,2,1,,support insuffisant : 2 < 200
commune,35057,2024,22,6,,support insuffisant : 22 < 200
commune,35058,2024,10,2,,support insuffisant : 10 < 200
commune,35059,2024,35,12,,support insuffisant : 35 < 200
commune,35060,2024,11,6,,support insuffisant : 11 < 200
commune,35061,2024,3,1,,support insuffisant : 3 < 200
commune,35062,2024,18,6,,support insuffisant : 18 < 200
commune,35063,2024,2,1,,support insuffisant : 2 < 200
commune,35064,2024,9,5,,support insuffisant : 9 < 200
commune,35065,2024,21,11,,support insuffisant : 21 < 200
commune,35066,2024,92,36,,support insuffisant : 92 < 200
commune,35067,2024,10,5,,support insuffisant : 10 < 200
commune,35068,2024,67,26,,support insuffisant : 67 < 200
commune,35069,2024,125,55,,support insuffisant : 125 < 200
commune,35070,2024,30,11,,support insuffisant : 30 < 200
commune,35071,2024,1,0,,support insuffisant : 1 < 200
commune,35072,2024,18,8,,support insuffisant : 18 < 200
commune,35075,2024,6,5,,support insuffisant : 6 < 200
commune,35076,2024,47,19,,support insuffisant : 47 < 200
commune,35077,2024,4,2,,support insuffisant : 4 < 200
commune,35078,2024,15,5,,support insuffisant : 15 < 200
commune,35079,2024,18,6,,support insuffisant : 18 < 200
commune,35080,2024,26,12,,support insuffisant : 26 < 200
commune,35081,2024,6,5,,support insuffisant : 6 < 200
commune,35082,2024,15,6,,support insuffisant : 15 < 200
commune,35084,2024,8,3,,support insuffisant : 8 < 200
commune,35085,2024,69,30,,support insuffisant : 69 < 200
commune,35086,2024,5,2,,support insuffisant : 5 < 200
commune,35087,2024,11,3,,support insuffisant : 11 < 200
commune,35088,2024,31,8,,support insuffisant : 31 < 200
commune,35089,2024,2,0,,support insuffisant : 2 < 200
commune,35090,2024,35,13,,support insuffisant : 35 < 200
commune,35091,2024,6,5,,support insuffisant : 6 < 200
commune,35092,2024,5,2,,support insuffisant : 5 < 200
commune,35093,2024,316,72,22.8,
commune,35094,2024,16,7,,support insuffisant : 16 < 200
commune,35095,2024,77,25,,support insuffisant : 77 < 200
commune,35096,2024,16,8,,support insuffisant : 16 < 200
commune,35097,2024,14,5,,support insuffisant : 14 < 200
commune,35098,2024,6,2,,support insuffisant : 6 < 200
commune,35099,2024,35,12,,support insuffisant : 35 < 200
commune,35101,2024,12,3,,support insuffisant : 12 < 200
commune,35102,2024,4,2,,support insuffisant : 4 < 200
commune,35103,2024,4,0,,support insuffisant : 4 < 200
commune,35104,2024,13,5,,support insuffisant : 13 < 200
commune,35105,2024,28,7,,support insuffisant : 28 < 200
commune,35106,2024,12,3,,support insuffisant : 12 < 200
commune,35107,2024,24,7,,support insuffisant : 24 < 200
commune,35108,2024,11,5,,support insuffisant : 11 < 200
commune,35109,2024,15,3,,support insuffisant : 15 < 200
commune,35110,2024,2,1,,support insuffisant : 2 < 200
commune,35111,2024,4,1,,support insuffisant : 4 < 200
commune,35115,2024,261,92,35.2,
commune,35116,2024,25,7,,support insuffisant : 25 < 200
commune,35117,2024,10,4,,support insuffisant : 10 < 200
commune,35118,2024,3,1,,support insuffisant : 3 < 200
commune,35119,2024,7,5,,support insuffisant : 7 < 200
commune,35120,2024,56,21,,support insuffisant : 56 < 200
commune,35121,2024,17,4,,support insuffisant : 17 < 200
commune,35122,2024,32,10,,support insuffisant : 32 < 200
commune,35123,2024,27,8,,support insuffisant : 27 < 200
commune,35124,2024,16,3,,support insuffisant : 16 < 200
commune,35125,2024,53,22,,support insuffisant : 53 < 200
commune,35126,2024,82,30,,support insuffisant : 82 < 200
commune,35127,2024,34,10,,support insuffisant : 34 < 200
commune,35128,2024,10,6,,support insuffisant : 10 < 200
commune,35130,2024,32,9,,support insuffisant : 32 < 200
commune,35131,2024,42,20,,support insuffisant : 42 < 200
commune,35132,2024,20,7,,support insuffisant : 20 < 200
commune,35133,2024,34,10,,support insuffisant : 34 < 200
commune,35134,2024,3,0,,support insuffisant : 3 < 200
commune,35135,2024,15,8,,support insuffisant : 15 < 200
commune,35136,2024,101,28,,support insuffisant : 101 < 200
commune,35137,2024,25,6,,support insuffisant : 25 < 200
commune,35138,2024,10,3,,support insuffisant : 10 < 200
commune,35139,2024,46,21,,support insuffisant : 46 < 200
commune,35140,2024,9,1,,support insuffisant : 9 < 200
commune,35141,2024,11,4,,support insuffisant : 11 < 200
commune,35142,2024,13,5,,support insuffisant : 13 < 200
commune,35143,2024,6,4,,support insuffisant : 6 < 200
commune,35144,2024,8,2,,support insuffisant : 8 < 200
commune,35145,2024,18,6,,support insuffisant : 18 < 200
commune,35146,2024,11,6,,support insuffisant : 11 < 200
commune,35149,2024,12,4,,support insuffisant : 12 < 200
commune,35150,2024,31,14,,support insuffisant : 31 < 200
commune,35151,2024,10,1,,support insuffisant : 10 < 200
commune,35152,2024,91,27,,support insuffisant : 91 < 200
commune,35153,2024,2,1,,support insuffisant : 2 < 200
commune,35154,2024,16,9,,support insuffisant : 16 < 200
commune,35155,2024,6,1,,support insuffisant : 6 < 200
commune,35156,2024,4,0,,support insuffisant : 4 < 200
commune,35157,2024,13,3,,support insuffisant : 13 < 200
commune,35160,2024,5,3,,support insuffisant : 5 < 200
commune,35161,2024,19,6,,support insuffisant : 19 < 200
commune,35162,2024,41,16,,support insuffisant : 41 < 200
commune,35163,2024,11,5,,support insuffisant : 11 < 200
commune,35164,2024,12,7,,support insuffisant : 12 < 200
commune,35165,2024,7,3,,support insuffisant : 7 < 200
commune,35166,2024,9,5,,support insuffisant : 9 < 200
commune,35167,2024,37,18,,support insuffisant : 37 < 200
commune,35168,2024,31,8,,support insuffisant : 31 < 200
commune,35169,2024,13,5,,support insuffisant : 13 < 200
commune,35170,2024,6,0,,support insuffisant : 6 < 200
commune,35171,2024,19,5,,support insuffisant : 19 < 200
commune,35172,2024,17,0,,support insuffisant : 17 < 200
commune,35173,2024,86,32,,support insuffisant : 86 < 200
commune,35174,2024,8,3,,support insuffisant : 8 < 200
commune,35175,2024,6,1,,support insuffisant : 6 < 200
commune,35176,2024,44,18,,support insuffisant : 44 < 200
commune,35177,2024,46,17,,support insuffisant : 46 < 200
commune,35178,2024,15,9,,support insuffisant : 15 < 200
commune,35179,2024,57,19,,support insuffisant : 57 < 200
commune,35180,2024,5,1,,support insuffisant : 5 < 200
commune,35181,2024,25,4,,support insuffisant : 25 < 200
commune,35183,2024,6,2,,support insuffisant : 6 < 200
commune,35184,2024,63,23,,support insuffisant : 63 < 200
commune,35185,2024,1,1,,support insuffisant : 1 < 200
commune,35186,2024,14,3,,support insuffisant : 14 < 200
commune,35187,2024,18,6,,support insuffisant : 18 < 200
commune,35188,2024,69,25,,support insuffisant : 69 < 200
commune,35189,2024,23,9,,support insuffisant : 23 < 200
commune,35190,2024,2,0,,support insuffisant : 2 < 200
commune,35191,2024,28,12,,support insuffisant : 28 < 200
commune,35192,2024,1,0,,support insuffisant : 1 < 200
commune,35193,2024,31,14,,support insuffisant : 31 < 200
commune,35194,2024,6,3,,support insuffisant : 6 < 200
commune,35195,2024,14,7,,support insuffisant : 14 < 200
commune,35196,2024,60,26,,support insuffisant : 60 < 200
commune,35197,2024,13,7,,support insuffisant : 13 < 200
commune,35198,2024,5,1,,support insuffisant : 5 < 200
commune,35199,2024,1,0,,support insuffisant : 1 < 200
commune,35200,2024,6,2,,support insuffisant : 6 < 200
commune,35201,2024,9,5,,support insuffisant : 9 < 200
commune,35202,2024,9,4,,support insuffisant : 9 < 200
commune,35203,2024,3,0,,support insuffisant : 3 < 200
commune,35204,2024,39,16,,support insuffisant : 39 < 200
commune,35205,2024,4,2,,support insuffisant : 4 < 200
commune,35206,2024,63,25,,support insuffisant : 63 < 200
commune,35207,2024,48,20,,support insuffisant : 48 < 200
commune,35208,2024,53,15,,support insuffisant : 53 < 200
commune,35210,2024,99,38,,support insuffisant : 99 < 200
commune,35211,2024,24,8,,support insuffisant : 24 < 200
commune,35212,2024,13,4,,support insuffisant : 13 < 200
commune,35214,2024,10,5,,support insuffisant : 10 < 200
commune,35215,2024,16,9,,support insuffisant : 16 < 200
commune,35216,2024,16,8,,support insuffisant : 16 < 200
commune,35217,2024,13,7,,support insuffisant : 13 < 200
commune,35218,2024,8,3,,support insuffisant : 8 < 200
commune,35219,2024,33,12,,support insuffisant : 33 < 200
commune,35220,2024,24,10,,support insuffisant : 24 < 200
commune,35221,2024,21,10,,support insuffisant : 21 < 200
commune,35222,2024,20,6,,support insuffisant : 20 < 200
commune,35223,2024,50,13,,support insuffisant : 50 < 200
commune,35224,2024,18,8,,support insuffisant : 18 < 200
commune,35225,2024,7,4,,support insuffisant : 7 < 200
commune,35226,2024,17,5,,support insuffisant : 17 < 200
commune,35227,2024,22,14,,support insuffisant : 22 < 200
commune,35228,2024,70,27,,support insuffisant : 70 < 200
commune,35229,2024,13,3,,support insuffisant : 13 < 200
commune,35230,2024,7,2,,support insuffisant : 7 < 200
commune,35231,2024,9,5,,support insuffisant : 9 < 200
commune,35232,2024,1,1,,support insuffisant : 1 < 200
commune,35233,2024,11,3,,support insuffisant : 11 < 200
commune,35234,2024,16,4,,support insuffisant : 16 < 200
commune,35235,2024,6,2,,support insuffisant : 6 < 200
commune,35236,2024,143,57,,support insuffisant : 143 < 200
commune,35237,2024,9,5,,support insuffisant : 9 < 200
commune,35238,2024,933,289,31.0,
commune,35239,2024,61,23,,support insuffisant : 61 < 200
commune,35240,2024,89,32,,support insuffisant : 89 < 200
commune,35241,2024,36,13,,support insuffisant : 36 < 200
commune,35242,2024,1,1,,support insuffisant : 1 < 200
commune,35243,2024,20,9,,support insuffisant : 20 < 200
commune,35244,2024,2,1,,support insuffisant : 2 < 200
commune,35245,2024,23,9,,support insuffisant : 23 < 200
commune,35246,2024,7,3,,support insuffisant : 7 < 200
commune,35247,2024,17,7,,support insuffisant : 17 < 200
commune,35248,2024,3,1,,support insuffisant : 3 < 200
commune,35249,2024,9,4,,support insuffisant : 9 < 200
commune,35250,2024,29,12,,support insuffisant : 29 < 200
commune,35251,2024,28,10,,support insuffisant : 28 < 200
commune,35252,2024,9,2,,support insuffisant : 9 < 200
commune,35253,2024,32,13,,support insuffisant : 32 < 200
commune,35255,2024,17,6,,support insuffisant : 17 < 200
commune,35256,2024,49,12,,support insuffisant : 49 < 200
commune,35257,2024,34,12,,support insuffisant : 34 < 200
commune,35258,2024,5,0,,support insuffisant : 5 < 200
commune,35259,2024,17,4,,support insuffisant : 17 < 200
commune,35260,2024,7,5,,support insuffisant : 7 < 200
commune,35261,2024,2,2,,support insuffisant : 2 < 200
commune,35262,2024,2,1,,support insuffisant : 2 < 200
commune,35263,2024,31,12,,support insuffisant : 31 < 200
commune,35264,2024,15,4,,support insuffisant : 15 < 200
commune,35265,2024,15,4,,support insuffisant : 15 < 200
commune,35266,2024,25,9,,support insuffisant : 25 < 200
commune,35268,2024,4,0,,support insuffisant : 4 < 200
commune,35270,2024,4,1,,support insuffisant : 4 < 200
commune,35271,2024,24,4,,support insuffisant : 24 < 200
commune,35272,2024,6,1,,support insuffisant : 6 < 200
commune,35273,2024,19,5,,support insuffisant : 19 < 200
commune,35274,2024,7,2,,support insuffisant : 7 < 200
commune,35275,2024,41,15,,support insuffisant : 41 < 200
commune,35276,2024,5,4,,support insuffisant : 5 < 200
commune,35277,2024,2,0,,support insuffisant : 2 < 200
commune,35278,2024,85,29,,support insuffisant : 85 < 200
commune,35279,2024,13,6,,support insuffisant : 13 < 200
commune,35280,2024,13,4,,support insuffisant : 13 < 200
commune,35281,2024,60,21,,support insuffisant : 60 < 200
commune,35282,2024,9,4,,support insuffisant : 9 < 200
commune,35283,2024,16,8,,support insuffisant : 16 < 200
commune,35284,2024,29,16,,support insuffisant : 29 < 200
commune,35285,2024,1,1,,support insuffisant : 1 < 200
commune,35286,2024,2,0,,support insuffisant : 2 < 200
commune,35287,2024,48,23,,support insuffisant : 48 < 200
commune,35288,2024,658,210,31.9,
commune,35289,2024,8,2,,support insuffisant : 8 < 200
commune,35290,2024,4,2,,support insuffisant : 4 < 200
commune,35291,2024,4,0,,support insuffisant : 4 < 200
commune,35292,2024,18,8,,support insuffisant : 18 < 200
commune,35294,2024,18,4,,support insuffisant : 18 < 200
commune,35295,2024,3,0,,support insuffisant : 3 < 200
commune,35296,2024,11,3,,support insuffisant : 11 < 200
commune,35297,2024,57,24,,support insuffisant : 57 < 200
commune,35299,2024,51,15,,support insuffisant : 51 < 200
commune,35300,2024,8,4,,support insuffisant : 8 < 200
commune,35302,2024,14,5,,support insuffisant : 14 < 200
commune,35304,2024,13,3,,support insuffisant : 13 < 200
commune,35305,2024,4,2,,support insuffisant : 4 < 200
commune,35306,2024,10,5,,support insuffisant : 10 < 200
commune,35307,2024,5,1,,support insuffisant : 5 < 200
commune,35308,2024,28,4,,support insuffisant : 28 < 200
commune,35309,2024,7,6,,support insuffisant : 7 < 200
commune,35310,2024,10,5,,support insuffisant : 10 < 200
commune,35311,2024,7,0,,support insuffisant : 7 < 200
commune,35312,2024,12,6,,support insuffisant : 12 < 200
commune,35314,2024,15,8,,support insuffisant : 15 < 200
commune,35315,2024,9,5,,support insuffisant : 9 < 200
commune,35316,2024,7,2,,support insuffisant : 7 < 200
commune,35317,2024,3,2,,support insuffisant : 3 < 200
commune,35318,2024,7,2,,support insuffisant : 7 < 200
commune,35319,2024,14,5,,support insuffisant : 14 < 200
commune,35321,2024,6,1,,support insuffisant : 6 < 200
commune,35322,2024,10,4,,support insuffisant : 10 < 200
commune,35324,2024,12,4,,support insuffisant : 12 < 200
commune,35325,2024,1,1,,support insuffisant : 1 < 200
commune,35326,2024,24,7,,support insuffisant : 24 < 200
commune,35327,2024,44,15,,support insuffisant : 44 < 200
commune,35328,2024,21,5,,support insuffisant : 21 < 200
commune,35329,2024,9,3,,support insuffisant : 9 < 200
commune,35330,2024,8,4,,support insuffisant : 8 < 200
commune,35331,2024,26,8,,support insuffisant : 26 < 200
commune,35332,2024,11,5,,support insuffisant : 11 < 200
commune,35333,2024,19,8,,support insuffisant : 19 < 200
commune,35334,2024,87,37,,support insuffisant : 87 < 200
commune,35335,2024,12,3,,support insuffisant : 12 < 200
commune,35336,2024,2,0,,support insuffisant : 2 < 200
commune,35337,2024,39,12,,support insuffisant : 39 < 200
commune,35338,2024,18,6,,support insuffisant : 18 < 200
commune,35339,2024,8,1,,support insuffisant : 8 < 200
commune,35340,2024,6,3,,support insuffisant : 6 < 200
commune,35342,2024,3,1,,support insuffisant : 3 < 200
commune,35343,2024,14,5,,support insuffisant : 14 < 200
commune,35345,2024,4,0,,support insuffisant : 4 < 200
commune,35346,2024,1,0,,support insuffisant : 1 < 200
commune,35347,2024,26,12,,support insuffisant : 26 < 200
commune,35350,2024,16,7,,support insuffisant : 16 < 200
commune,35351,2024,12,4,,support insuffisant : 12 < 200
commune,35352,2024,63,22,,support insuffisant : 63 < 200
commune,35353,2024,81,33,,support insuffisant : 81 < 200
commune,35354,2024,2,2,,support insuffisant : 2 < 200
commune,35355,2024,7,4,,support insuffisant : 7 < 200
commune,35356,2024,22,13,,support insuffisant : 22 < 200
commune,35357,2024,3,2,,support insuffisant : 3 < 200
commune,35358,2024,16,6,,support insuffisant : 16 < 200
commune,35359,2024,9,2,,support insuffisant : 9 < 200
commune,35360,2024,228,73,32.0,
commune,35361,2024,19,7,,support insuffisant : 19 < 200
commune,35362,2024,8,3,,support insuffisant : 8 < 200
commune,35363,2024,45,21,,support insuffisant : 45 < 200
