epci_code,commune_code,commune_name
200038990,35026,BLERUAIS
200038990,35027,BOISGERVILLY
200038990,35060,LA CHAPELLE DU LOU DU LAC
200038990,35091,LE CROUAIS
200038990,35117,GAEL
200038990,35135,IRODOUER
200038990,35143,LANDUJAN
200038990,35171,MEDREAC
200038990,35184,MONTAUBAN-DE-BRETAGNE
200038990,35201,MUEL
200038990,35234,QUEDILLAC
200038990,35290,SAINT-MALON-SUR-MEL
200038990,35295,SAINT-MAUGAN
200038990,35297,SAINT-MEEN-LE-GRAND
200038990,35302,SAINT ONEN LA CHAPELLE
200038990,35307,SAINT-PERN
200038990,35320,SAINT-UNIAC
200039022,35006,ARGENTRE-DU-PLESSIS
200039022,35008,AVAILLES-SUR-SEICHE
200039022,35014,BAIS
200039022,35015,BALAZE
200039022,35038,BREAL-SOUS-VITRE
200039022,35042,BRIELLES
200039022,35052,CHAMPEAUX
200039022,35061,LA CHAPELLE-ERBREE
200039022,35068,CHATEAUBOURG
200039022,35072,CHATILLON-EN-VENDELAIS
200039022,35087,CORNILLE
200039022,35096,DOMAGNE
200039022,35097,DOMALAIN
200039022,35102,DROUGES
200039022,35105,ERBREE
200039022,35109,ETRELLES
200039022,35119,GENNES-SUR-SEICHE
200039022,35125,LA GUERCHE-DE-BRETAGNE
200039022,35141,LANDAVRAN
200039022,35161,LOUVIGNE-DE-BAIS
200039022,35166,MARPIRE
200039022,35170,MECE
200039022,35183,MONDEVERT
200039022,35185,MONTAUTOUR
200039022,35192,MONTREUIL-DES-LANDES
200039022,35194,MONTREUIL-SOUS-PEROUSE
200039022,35198,MOULINS
200039022,35199,MOUSSE
200039022,35200,MOUTIERS
200039022,35217,LE PERTRE
200039022,35229,POCE-LES-BOIS
200039022,35232,PRINCE
200039022,35235,RANNEE
200039022,35252,SAINT-AUBIN-DES-LANDES
200039022,35260,SAINT-CHRISTOPHE-DES-BOIS
200039022,35264,SAINT-DIDIER
200039022,35272,SAINT-GERMAIN-DU-PINEL
200039022,35283,SAINT-JEAN-SUR-VILAINE
200039022,35300,SAINT-M'HERVE
200039022,35325,LA SELLE-GUERCHAISE
200039022,35330,TAILLIS
200039022,35338,TORCE
200039022,35347,VAL-D'IZE
200039022,35350,VERGEAL
200039022,35359,VISSEICHE
200039022,35360,VITRE
200043990,35016,BAULON
200043990,35033,BOURG-DES-COMPTES
200043990,35035,BOVEL
200043990,35046,LES BRULAIS
200043990,35057,LA CHAPELLE BOUEXIC
200043990,35084,COMBLESSAC
200043990,35123,GOVEN
200043990,35126,GUICHEN
200043990,35127,GUIGNEN
200043990,35149,LASSY
200043990,35155,LOHEAC
200043990,35160,LOUTEHEL
200043990,35168,VAL D'ANAST
200043990,35175,MERNEL
200043990,35176,GUIPRY-MESSAC
200043990,35289,SAINT-MALO-DE-PHILY
200043990,35311,SAINT-SEGLIN
200043990,35312,SAINT-SENOUX
200070662,35012,BAIN-DE-BRETAGNE
200070662,35030,LA BOSSE DE BRETAGNE
200070662,35054,CHANTELOUP
200070662,35089,LA COUYERE
200070662,35090,CREVIN
200070662,35098,LA DOMINELAIS
200070662,35106,ERCE-EN-LAMEE
200070662,35124,GRAND-FOUGERAY
200070662,35140,LALLEU
200070662,35202,LA NOE BLANCHE
200070662,35212,PANCE
200070662,35218,LE PETIT FOUGERAY
200070662,35221,PLECHATEL
200070662,35231,POLIGNE
200070662,35249,SAINTE ANNE SUR VILAINE
200070662,35316,SAINT-SULPICE-DES-LANDES
200070662,35321,SAULNIERES
200070662,35322,LE SEL DE BRETAGNE
200070662,35332,TEILLAY
200070662,35343,TRESBOEUF
200070670,35009,BAGUER-MORVAN
200070670,35010,BAGUER-PICAN
200070670,35034,LA BOUSSAC
200070670,35044,BROUALAN
200070670,35078,CHERRUEIX
200070670,35095,DOL DE BRETAGNE
200070670,35104,EPINIAC
200070670,35186,MONT-DOL
200070670,35222,PLEINE-FOUGERES
200070670,35246,ROZ-LANDRIEUX
200070670,35247,ROZ-SUR-COUESNON
200070670,35248,SAINS
200070670,35259,SAINT-BROLADRE
200070670,35270,SAINT-GEORGES-DE-GREHAIGNE
200070670,35291,SAINT-MARCAN
200070670,35329,SOUGEAL
200070670,35339,TRANS-LA-FORET
200070670,35354,VIEUX-VIEL
200070670,35361,LE VIVIER SUR MER
200070688,35004,VAL-COUESNON
200070688,35019,BAZOUGES-LA-PEROUSE
200070688,35071,LE CHATELLIER
200070688,35075,CHAUVIGNE
200070688,35164,MARCILLE-RAOUL
200070688,35191,LES PORTES DU COGLAIS
200070688,35205,NOYAL-SOUS-BAZOUGES
200070688,35242,RIMOU
200070688,35244,ROMAZY
200070688,35257,MAEN ROCH
200070688,35273,SAINT-GERMAIN-EN-COGLES
200070688,35280,SAINT-HILAIRE-DES-LANDES
200070688,35292,SAINT-MARC-LE-BLANC
200070688,35309,SAINT-REMY-DU-PLAIN
200070688,35336,LE TIERCENT
200072452,35018,LA BAZOUGE DU DESERT
200072452,35021,BEAUCE
200072452,35025,BILLE
200072452,35062,LA CHAPELLE-FLEURIGNE
200072452,35063,LA CHAPELLE SAINT AUBERT
200072452,35086,COMBOURTILLE
200072452,35111,LE FERRE
200072452,35115,FOUGERES
200072452,35137,JAVENE
200072452,35138,LAIGNELET
200072452,35142,LANDEAN
200072452,35150,LECOUSSE
200072452,35157,LE LOROUX
200072452,35162,LOUVIGNE-DU-DESERT
200072452,35163,LUITRE-DOMPIERRE
200072452,35174,MELLE
200072452,35190,MONTHAULT
200072452,35214,PARCE
200072452,35215,PARIGNE
200072452,35230,POILLEY
200072452,35243,ROMAGNE
200072452,35261,ST CHRISTOPHE DE VALAINS
200072452,35271,ST GEORGES DE REINTEMBAULT
200072452,35282,RIVES-DU-COUESNON
200072452,35304,SAINT-OUEN-DES-ALLEUX
200072452,35310,SAINT-SAUVEUR-DES-LANDES
200072452,35324,LA SELLE-EN-LUITRE
200072452,35357,VILLAMEE
243500139,35001,ACIGNE
243500139,35022,BECHEREL
243500139,35024,BETTON
243500139,35032,BOURGBARRE
243500139,35039,BRECE
243500139,35047,BRUZ
243500139,35051,CESSON-SEVIGNE
243500139,35055,CHANTEPIE
243500139,35058,LA CHAPELLE CHAUSSEE
243500139,35059,LA CHAPELLE DES FOUGERETZ
243500139,35065,LA CHAPELLE THOUARAULT
243500139,35066,CHARTRES-DE-BRETAGNE
243500139,35076,CHAVAGNE
243500139,35079,CHEVAIGNE
243500139,35080,CINTRE
243500139,35081,CLAYES
243500139,35088,CORPS-NUDS
243500139,35120,GEVEZE
243500139,35131,L'HERMITAGE
243500139,35139,LAILLE
243500139,35144,LANGAN
243500139,35180,MINIAC-SOUS-BECHEREL
243500139,35189,MONTGERMONT
243500139,35196,MORDELLES
243500139,35204,NOUVOITOU
243500139,35206,NOYAL-CHATILLON-SUR-SEICHE
243500139,35208,ORGERES
243500139,35210,PACE
243500139,35216,PARTHENAY-DE-BRETAGNE
243500139,35238,RENNES
243500139,35240,LE RHEU
243500139,35245,ROMILLE
243500139,35250,SAINT-ARMEL
243500139,35266,SAINT-ERBLON
243500139,35275,SAINT-GILLES
243500139,35278,SAINT-GREGOIRE
243500139,35281,ST JACQUES DE LA LANDE
243500139,35315,SAINT-SULPICE-LA-FORET
243500139,35334,THORIGNE FOUILLARD
243500139,35351,LE VERGER
243500139,35352,VERN-SUR-SEICHE
243500139,35353,VEZIN-LE-COQUET
243500139,35363,PONT PEAN
243500550,35023,BEDEE
243500550,35040,BRETEIL
243500550,35133,IFFENDIC
243500550,35188,MONTFORT-SUR-MEU
243500550,35203,LA NOUAYE
243500550,35227,PLEUMELEUC
243500550,35277,SAINT-GONLAY
243500550,35331,TALENSAC
243500618,35037,BREAL-SOUS-MONTFORT
243500618,35169,MAXENT
243500618,35187,MONTERFIL
243500618,35211,PAIMPONT
243500618,35223,PLELAN-LE-GRAND
243500618,35305,SAINT-PERAN
243500618,35319,SAINT-THURIAL
243500618,35340,TREFFENDEL
243500634,35002,AMANLIS
243500634,35005,ARBRISSEL
243500634,35028,BOISTRUDAN
243500634,35041,BRIE
243500634,35077,CHELUN
243500634,35082,COESMES
243500634,35103,EANCE
243500634,35108,ESSE
243500634,35114,FORGES-LA-FORET
243500634,35136,JANZE
243500634,35165,MARCILLE-ROBERT
243500634,35167,MARTIGNE-FERCHAUD
243500634,35239,RETIERS
243500634,35262,SAINTE-COLOMBE
243500634,35333,LE THEIL-DE-BRETAGNE
243500634,35335,THOURIE
243500659,35069,CHATEAUGIRON
243500659,35099,DOMLOUP
243500659,35207,NOYAL-SUR-VILAINE
243500659,35220,PIRE-CHANCE
243500659,35327,SERVON-SUR-VILAINE
243500667,35003,ANDOUILLE-NEUVILLE
243500667,35007,AUBIGNE
243500667,35110,FEINS
243500667,35118,GAHARD
243500667,35128,GUIPEL
243500667,35146,LANGOUET
243500667,35173,MELESSE
243500667,35177,LA MEZIERE
243500667,35193,MONTREUIL-LE-GAST
243500667,35195,MONTREUIL-SUR-ILLE
243500667,35197,MOUAZE
243500667,35251,SAINT-AUBIN-D AUBIGNE
243500667,35274,SAINT-GERMAIN-SUR-ILLE
243500667,35276,SAINT-GONDRAN
243500667,35296,SAINT-MEDARD-SUR-ILLE
243500667,35317,SAINT-SYMPHORIEN
243500667,35326,SENS-DE-BRETAGNE
243500667,35355,VIEUX-VY-SUR-COUESNON
243500667,35356,VIGNOC
243500725,35093,DINARD
243500725,35181,LE MINIHIC SUR RANCE
243500725,35228,PLEURTUIT
243500725,35241,LA RICHARDAIS
243500725,35256,SAINT-BRIAC-SUR-MER
243500725,35287,SAINT-LUNAIRE
243500733,35017,LA BAUSSAINE
243500733,35029,BONNEMAIN
243500733,35050,CARDROC
243500733,35056,LA CHAPELLE AUX FILTZMEENS
243500733,35085,COMBOURG
243500733,35092,CUGUEN
243500733,35094,DINGE
243500733,35130,HEDE-BAZOUGES
243500733,35134,LES IFFS
243500733,35148,LANRIGAN
243500733,35156,LONGAULNAY
243500733,35159,LOURMAIS
243500733,35172,MEILLAC
243500733,35225,PLESDER
243500733,35226,PLEUGUENEUC
243500733,35233,QUEBRIAC
243500733,35258,SAINT-BRIEUC-DES-IFFS
243500733,35265,SAINT-DOMINEUC
243500733,35286,SAINT-LEGER-DES-PRES
243500733,35308,MESNIL ROC'H
243500733,35318,SAINT-THUAL
243500733,35337,TINTENIAC
243500733,35342,TREMEHEUC
243500733,35345,TREVERIEN
243500733,35346,TRIMER
243500741,35013,BAINS-SUR-OUST
243500741,35045,BRUC-SUR-AFF
243500741,35064,LA CHAPELLE DE BRAIN
243500741,35145,LANGON
243500741,35151,LIEURON
243500741,35219,PIPRIAC
243500741,35236,REDON
243500741,35237,RENAC
243500741,35268,SAINT-GANTON
243500741,35285,SAINT-JUST
243500741,35294,SAINTE-MARIE
243500741,35328,SIXT-SUR-AFF
243500774,35031,LA BOUEXIERE
243500774,35067,CHASNE-SUR-ILLET
243500774,35101,DOURDAIN
243500774,35107,ERCE-PRES-LIFFRE
243500774,35121,GOSNE
243500774,35152,LIFFRE
243500774,35154,LIVRE-SUR-CHANGEON
243500774,35178,MEZIERES-SUR-COUESNON
243500774,35253,SAINT-AUBIN-DU-CORMIER
243500782,35049,CANCALE
243500782,35070,CHATEAUNEUF-D ILLE-ET-VILAI
243500782,35116,LA FRESNAIS
243500782,35122,LA GOUESNIERE
243500782,35132,HIREL
243500782,35153,LILLEMER
243500782,35179,MINIAC-MORVAN
243500782,35224,PLERGUER
243500782,35255,SAINT-BENOIT-DES-ONDES
243500782,35263,SAINT-COULOMB
243500782,35279,SAINT-GUINOUX
243500782,35284,SAINT-JOUAN-DES-GUERETS
243500782,35288,SAINT-MALO
243500782,35299,SAINT-MELOIR-DES-ONDES
243500782,35306,SAINT-PERE-MARC-EN-POULET
243500782,35314,SAINT-SULIAC
243500782,35358,LA VILLE ES NONAIS
243500782,35362,LE TRONCHET
