ban_id,code_insee,commune,variantes,champs_divergents,ecart_position_m
35002_3n5z8h_00006,35002,Amanlis,2,lat|lon|x|y,54.6
35010_p63d6p_00026,35010,Baguer-Pican,2,cad_parcelles|lat|lon|x|y,88.4
35012_0226_00029,35012,Bain-de-Bretagne,2,lat|lon|x|y,22.0
35012_0240_00004,35012,Bain-de-Bretagne,2,lat|lon|x|y,43.7
35012_0300_00062,35012,Bain-de-Bretagne,2,lat|lon|x|y,17.7
35012_0300_00071,35012,Bain-de-Bretagne,2,lat|lon|x|y,60.8
35012_0340_00039,35012,Bain-de-Bretagne,2,lat|lon|x|y,19.2
35012_0420_00021,35012,Bain-de-Bretagne,2,lat|lon|x|y,17.9
35012_0477_00012,35012,Bain-de-Bretagne,2,lat|lon|x|y,203.3
35012_0540_00023,35012,Bain-de-Bretagne,2,lat|lon|x|y,12.7
35012_0560_00004,35012,Bain-de-Bretagne,2,lat|lon|x|y,29.9
35012_0686_00009,35012,Bain-de-Bretagne,2,lat|lon|type_position|x|y,283.9
35012_0686_00009_bis,35012,Bain-de-Bretagne,2,lat|lon|type_position|x|y,170.5
35012_0740_00029,35012,Bain-de-Bretagne,2,lat|lon|type_position|x|y,20.3
35013_0079_00001,35013,Bains-sur-Oust,2,lat|lon|type_position|x|y,71.8
35013_0079_00002,35013,Bains-sur-Oust,2,cad_parcelles|lat|lon|type_position|x|y,36.6
35013_0079_00003,35013,Bains-sur-Oust,2,cad_parcelles|lat|lon|type_position|x|y,49.1
35013_0079_00004,35013,Bains-sur-Oust,2,lat|lon|type_position|x|y,42.3
35013_0079_00005,35013,Bains-sur-Oust,2,cad_parcelles|lat|lon|type_position|x|y,52.6
35014_0011_00001,35014,Bais,2,certification_commune|lat|lon|x|y,111.0
35014_0049_00005_ter,35014,Bais,2,cad_parcelles|lat|lon|type_position|x|y,9.0
35014_vfnk8t_00003,35014,Bais,2,cad_parcelles|lat|lon|x|y,69.1
35015_dr2ejc_00018,35015,Balazé,2,lat|lon|x|y,16.5
35027_1vul81_00103,35027,Boisgervilly,2,lat|lon|x|y,252.9
35027_b723_00104,35027,Boisgervilly,2,cad_parcelles|lat|lon|type_position|x|y,38.8
35031_0010_00015,35031,La Bouëxière,2,certification_commune|lat|lon|type_position|x|y,64.9
35034_0040_00022,35034,La Boussac,2,cad_parcelles|lat|lon|x|y,6.4
35037_b519_00225,35037,Bréal-sous-Montfort,2,lat|lon|type_position|x|y,26.3
35040_0014_00004,35040,Breteil,2,cad_parcelles|certification_commune|lat|lon|x|y,75.9
35040_0014_00006,35040,Breteil,2,cad_parcelles|certification_commune|lat|lon|type_position|x|y,181.9
35040_0014_00010,35040,Breteil,2,cad_parcelles|certification_commune|lat|lon|type_position|x|y,217.4
35041_b61867_00002,35041,Brie,2,cad_parcelles|lat|lon|nom_ld|x|y,3010.3
35041_na6azq_00001,35041,Brie,2,cad_parcelles|lat|lon|x|y,36.0
35046_gbhl1c_00006,35046,Les Brulais,2,cad_parcelles|lat|lon|x|y,1138.5
35046_gbhl1c_00008,35046,Les Brulais,2,cad_parcelles|lat|lon|x|y,1164.6
35049_0275_00014,35049,Cancale,2,cad_parcelles|lat|lon|x|y,161.4
35049_0870_00023_a,35049,Cancale,2,cad_parcelles|certification_commune|lat|lon|type_position|x|y,25.7
35050_b470_00009,35050,Cardroc,2,certification_commune|lat|lon|x|y,0.9
35050_u2tyu6_00009_bis,35050,Cardroc,2,certification_commune|lat|lon|x|y,12.3
35054_1hruis_00262,35054,Chanteloup,2,cad_parcelles|lat|lon|x|y,112.3
35062_ys3rfi_00010,35062,La Chapelle-Fleurigné,2,lat|lon|x|y,11.2
35064_c160_00004,35064,La Chapelle-de-Brain,2,certification_commune|lat|lon|x|y,24.1
35068_0140_00002,35068,Châteaubourg,2,cad_parcelles|lat|lon|x|y,13.8
35070_0005_00005,35070,Châteauneuf-d'Ille-et-Vilaine,2,lat|lon|x|y,156.1
35070_0164_00045,35070,Châteauneuf-d'Ille-et-Vilaine,2,lat|lon|type_position|x|y,266.3
35082_0013_00009,35082,Coësmes,2,lat|lon|x|y,12.8
35082_0013_00017,35082,Coësmes,2,lat|lon|x|y,21.6
35085_w76kl7_00048,35085,Combourg,2,lat|lon|x|y,47.4
35086_0014_00024_bis,35086,Combourtillé,2,cad_parcelles|lat|lon|x|y,238.9
35092_a014_00008,35092,Cuguen,2,lat|lon|x|y,51.4
35093_0521_00009,35093,Dinard,2,certification_commune|lat|lon|x|y,194.9
35093_1065_00006_bis,35093,Dinard,2,cad_parcelles|certification_commune|lat|lon|x|y,143.9
35093_1212_00006_bis,35093,Dinard,2,cad_parcelles|certification_commune|lat|lon|x|y,81.7
35093_1824_00051,35093,Dinard,2,cad_parcelles|certification_commune|lat|lon|x|y,93.7
35093_2000_00024_bis,35093,Dinard,2,cad_parcelles|certification_commune|lat|lon|x|y,39.1
35093_2079_00014,35093,Dinard,2,cad_parcelles|certification_commune|lat|lon|x|y,627.2
35093_2079_00016,35093,Dinard,2,cad_parcelles|certification_commune|lat|lon|x|y,94.7
35093_2119_00065,35093,Dinard,2,certification_commune|lat|lon|x|y,5.2
35094_d143_00056,35094,Dingé,2,lat|lon|type_position|x|y,745.3
35095_1120_00348,35095,Dol-de-Bretagne,2,cad_parcelles|lat|lon|x|y,44.1
35105_0086_00002,35105,Erbrée,2,lat|lon|x|y,45.1
35107_0401_00015,35107,Ercé-près-Liffré,2,cad_parcelles|lat|lon|type_position|x|y,15.4
35109_0026_00017,35109,Étrelles,2,lat|lon|type_position|x|y,337.7
35115_0130_00008,35115,Fougères,2,certification_commune|lat|lon|x|y,3.4
35115_1350_00029,35115,Fougères,2,cad_parcelles|certification_commune|lat|lon|x|y,2.0
35126_0040_00038,35126,Guichen,2,lat|lon|type_position|x|y,20.4
35126_0100_00029_ter,35126,Guichen,2,lat|lon|type_position|x|y,6.9
35128_0016_00024,35128,Guipel,2,lat|lon|x|y,844.9
35132_0002_00023_b,35132,Hirel,2,certification_commune|lat|lon|type_position|x|y,120.4
35133_0046_00007,35133,Iffendic,2,certification_commune|lat|lon|type_position|x|y,17.8
35136_0180_00004_d,35136,Janzé,2,lat|lon|x|y,22.1
35141_0050_00016,35141,Landavran,2,lat|lon|type_position|x|y,26.0
35141_0050_00018,35141,Landavran,2,lat|lon|type_position|x|y,18.3
35142_6581v0_00002_bis,35142,Landéan,2,lat|lon|x|y,7.6
35151_b003_00002,35151,Lieuron,2,lat|lon|type_position|x|y,42.2
35152_0035_00007,35152,Liffré,2,cad_parcelles|lat|lon|x|y,59.3
35152_0035_00009,35152,Liffré,2,cad_parcelles|lat|lon|type_position|x|y,44.4
35152_0123_00003_b,35152,Liffré,2,lat|lon|type_position|x|y,55.6
35152_vk5f9i_00032,35152,Liffré,2,cad_parcelles|lat|lon|type_position|x|y,3.7
35153_b081_00035,35153,Lillemer,2,certification_commune|lat|lon|x|y,90.3
35153_b081_00037,35153,Lillemer,2,certification_commune|lat|lon|x|y,112.8
35153_b081_00039,35153,Lillemer,2,certification_commune|lat|lon|x|y,114.6
35153_b081_00041,35153,Lillemer,2,certification_commune|lat|lon|x|y,151.6
35153_b167_00046,35153,Lillemer,2,certification_commune|lat|lon|x|y,134.6
35153_ulyv8g_00033,35153,Lillemer,2,certification_commune|lat|lon|x|y,420.3
35157_0002_00002,35157,Le Loroux,3,lat|lon|x|y,4.4
35157_0004_00004,35157,Le Loroux,2,lat|lon|x|y,6.4
35157_0006_00002,35157,Le Loroux,2,lat|lon|x|y,4.2
35161_0014_00022,35161,Louvigné-de-Bais,7,lat|lon|x|y,56.9
35167_0179_00034,35167,Martigné-Ferchaud,2,lat|lon|x|y,30.1
35173_0073_00015,35173,Melesse,2,lat|lon|type_position|x|y,68.3
35173_0183_00002,35173,Melesse,2,lat|lon|x|y,1.9
35173_c016_00043_b,35173,Melesse,2,lat|lon|x|y,13.8
35173_qheow1_00025,35173,Melesse,2,lat|lon|x|y,107.4
35177_0004_00001,35177,La Mézière,2,lat|lon|type_position|x|y,58.5
35177_0004_00003,35177,La Mézière,2,lat|lon|type_position|x|y,37.2
35177_0004_00005,35177,La Mézière,2,lat|lon|type_position|x|y,29.8
35177_0040_00002_bis,35177,La Mézière,2,lat|lon|type_position|x|y,18.6
35177_0042_00003,35177,La Mézière,2,cad_parcelles|lat|lon|type_position|x|y,41.8
35177_0185_00027,35177,La Mézière,2,cad_parcelles|lat|lon|type_position|x|y,68.4
35179_0019_00003,35179,Miniac-Morvan,2,lat|lon|x|y,414.2
35184_0040_00056,35184,Montauban-de-Bretagne,3,cad_parcelles|lat|lon|x|y,66.9
35184_0074_00008,35184,Montauban-de-Bretagne,2,cad_parcelles|lat|lon|x|y,48.2
35184_0074_00013,35184,Montauban-de-Bretagne,2,cad_parcelles|lat|lon|x|y,19.8
35184_0074_00015,35184,Montauban-de-Bretagne,2,cad_parcelles|lat|lon|x|y,15.0
35184_0079_00045,35184,Montauban-de-Bretagne,2,cad_parcelles|lat|lon|x|y,11.5
35184_0132_00001,35184,Montauban-de-Bretagne,2,cad_parcelles|lat|lon|x|y,93.8
35184_0132_00002,35184,Montauban-de-Bretagne,2,cad_parcelles|lat|lon|x|y,107.7
35184_0132_00004,35184,Montauban-de-Bretagne,2,cad_parcelles|lat|lon|x|y,123.3
35184_0132_00006,35184,Montauban-de-Bretagne,2,cad_parcelles|lat|lon|x|y,106.7
35184_0132_00010,35184,Montauban-de-Bretagne,2,cad_parcelles|lat|lon|type_position|x|y,119.7
35184_0132_00014,35184,Montauban-de-Bretagne,2,cad_parcelles|lat|lon|x|y,58.6
35184_0132_00018,35184,Montauban-de-Bretagne,2,cad_parcelles|lat|lon|x|y,110.0
35184_0132_00020,35184,Montauban-de-Bretagne,2,cad_parcelles|lat|lon|x|y,112.2
35184_0139_00002,35184,Montauban-de-Bretagne,2,cad_parcelles|lat|lon|x|y,74.1
35184_0139_00004,35184,Montauban-de-Bretagne,2,cad_parcelles|lat|lon|x|y,90.0
35184_0139_00009,35184,Montauban-de-Bretagne,2,cad_parcelles|lat|lon|x|y,62.7
35184_0139_00011,35184,Montauban-de-Bretagne,2,cad_parcelles|lat|lon|x|y,62.0
35184_0194_00062,35184,Montauban-de-Bretagne,2,cad_parcelles|lat|lon|x|y,92.1
35184_0194_00062_bis,35184,Montauban-de-Bretagne,2,cad_parcelles|lat|lon|type_position|x|y,83.9
35184_0194_00066,35184,Montauban-de-Bretagne,2,lat|lon|nom_ld|type_position|x|y,42.0
35184_0194_00068,35184,Montauban-de-Bretagne,2,lat|lon|nom_ld|type_position|x|y,14.4
35184_0196_00086,35184,Montauban-de-Bretagne,2,cad_parcelles|lat|lon|x|y,0.3
35184_0196_00088,35184,Montauban-de-Bretagne,2,cad_parcelles|lat|lon|x|y,0.6
35184_0196_00090,35184,Montauban-de-Bretagne,2,cad_parcelles|lat|lon|type_position|x|y,0.5
35184_0196_00092,35184,Montauban-de-Bretagne,2,cad_parcelles|lat|lon|x|y,0.2
35184_0207_00017,35184,Montauban-de-Bretagne,2,cad_parcelles|lat|lon|x|y,38.1
35184_0207_00018,35184,Montauban-de-Bretagne,2,cad_parcelles|lat|lon|x|y,56.1
35184_0207_00019,35184,Montauban-de-Bretagne,2,cad_parcelles|lat|lon|x|y,51.3
35184_0207_00020,35184,Montauban-de-Bretagne,2,cad_parcelles|lat|lon|x|y,123.5
35184_0207_00021,35184,Montauban-de-Bretagne,2,cad_parcelles|lat|lon|x|y,57.0
35184_0268_00008,35184,Montauban-de-Bretagne,2,cad_parcelles|lat|lon|type_position|x|y,30.8
35184_c886_00010,35184,Montauban-de-Bretagne,2,cad_parcelles|lat|lon|x|y,65.1
35188_0120_00026,35188,Montfort-sur-Meu,2,lat|lon|type_position|x|y,23.4
35188_0920_00034,35188,Montfort-sur-Meu,2,cad_parcelles|lat|lon|x|y,23.8
35188_1121_00037,35188,Montfort-sur-Meu,2,cad_parcelles|lat|lon|type_position|x|y,57.9
35191_0050_00008,35191,Les Portes du Coglais,2,certification_commune|lat|lon|x|y,219.0
35193_fzpzzn_00049,35193,Montreuil-le-Gast,2,cad_parcelles|lat|lon|x|y,373.7
35195_0023_00001_b,35195,Montreuil-sur-Ille,2,cad_parcelles|lat|lon|type_position|x|y,97.5
35205_zki69g_00007,35205,Noyal-sous-Bazouges,2,cad_parcelles|lat|lon|x|y,62.0
35214_x001_00025,35214,Parcé,2,lat|lon|type_position|x|y,63.4
35220_wqlnr8_00001,35220,Piré-Chancé,3,cad_parcelles|lat|lon|x|y,14.8
35224_0003_00013,35224,Plerguer,2,lat|lon|x|y,20.4
35226_0042_00004_bis,35226,Pleugueneuc,2,lat|lon|x|y,10.8
35226_uyhk4a_00001,35226,Pleugueneuc,2,lat|lon|type_position|x|y,49.0
35226_uyhk4a_00003,35226,Pleugueneuc,2,lat|lon|type_position|x|y,42.5
35228_0593_00002,35228,Pleurtuit,2,lat|lon|x|y,28.1
35228_beeihl_00008,35228,Pleurtuit,2,lat|lon|type_position|x|y,12.1
35228_o86aob_00001,35228,Pleurtuit,2,cad_parcelles|lat|lon|x|y,3128.5
35234_c430_00116,35234,Quédillac,2,cad_parcelles|lat|lon|x|y,57.7
35234_mwkicu_00617,35234,Quédillac,2,cad_parcelles|lat|lon|x|y,351.0
35235_b448_02010,35235,Rannée,2,lat|lon|type_position|x|y,26.5
35239_0620_00001,35239,Retiers,2,lat|lon|x|y,6.0
35239_0703_00003,35239,Retiers,2,lat|lon|x|y,3.5
35239_aapv07_00014,35239,Retiers,2,cad_parcelles|lat|lon|type_position|x|y,50.6
35239_b465_00012,35239,Retiers,2,cad_parcelles|lat|lon|type_position|x|y,43.5
35239_b465_00019,35239,Retiers,2,lat|lon|type_position|x|y,71.1
35239_c055_00001,35239,Retiers,2,lat|lon|type_position|x|y,138.6
35239_c055_00003,35239,Retiers,2,lat|lon|type_position|x|y,162.5
35239_c055_00005,35239,Retiers,2,lat|lon|type_position|x|y,123.2
35239_xyof3z_00013,35239,Retiers,2,lat|lon|type_position|x|y,79.9
35239_ym0ps5_00017,35239,Retiers,2,cad_parcelles|lat|lon|x|y,64.6
35243_0028_00007_f,35243,Romagné,2,lat|lon|x|y,39.7
35247_0024_00019,35247,Roz-sur-Couesnon,2,lat|lon|x|y,13.3
35251_0119_00044,35251,Saint-Aubin-d'Aubigné,2,lat|lon|x|y,598.1
35251_0163_00005,35251,Saint-Aubin-d'Aubigné,2,lat|lon|x|y,13.4
35253_0018_00026,35253,Saint-Aubin-du-Cormier,2,certification_commune|lat|lon|x|y,10.8
35253_0018_00028,35253,Saint-Aubin-du-Cormier,2,certification_commune|lat|lon|x|y,1.4
35253_0018_00031,35253,Saint-Aubin-du-Cormier,2,certification_commune|lat|lon|x|y,15.9
35253_0018_00032,35253,Saint-Aubin-du-Cormier,2,cad_parcelles|certification_commune|lat|lon|x|y,1.0
35253_0018_00033,35253,Saint-Aubin-du-Cormier,2,certification_commune|lat|lon|x|y,9.5
35253_0018_00035,35253,Saint-Aubin-du-Cormier,2,certification_commune|lat|lon|x|y,5.6
35253_0060_00046,35253,Saint-Aubin-du-Cormier,2,certification_commune|lat|lon|x|y,503.7
35253_0080_00018,35253,Saint-Aubin-du-Cormier,2,lat|lon|x|y,40.4
35253_0360_00005,35253,Saint-Aubin-du-Cormier,2,certification_commune|lat|lon|x|y,129.2
35253_0364_00014,35253,Saint-Aubin-du-Cormier,3,lat|lon|x|y,0.8
35253_0383_00001,35253,Saint-Aubin-du-Cormier,2,certification_commune|lat|lon|x|y,2.0
35253_0420_00018,35253,Saint-Aubin-du-Cormier,2,lat|lon|x|y,38.6
35253_0613_00003,35253,Saint-Aubin-du-Cormier,2,lat|lon|x|y,3.3
35253_0615_00006,35253,Saint-Aubin-du-Cormier,3,certification_commune|lat|lon|type_position|x|y,1.0
35253_0615_00008,35253,Saint-Aubin-du-Cormier,2,lat|lon|type_position|x|y,0.7
35253_0635_00003,35253,Saint-Aubin-du-Cormier,2,certification_commune|lat|lon|x|y,13.2
35253_0642_00022,35253,Saint-Aubin-du-Cormier,2,certification_commune|lat|lon|x|y,37.2
35253_0642_00026,35253,Saint-Aubin-du-Cormier,2,certification_commune|lat|lon|x|y,15.2
35253_55582a_00005,35253,Saint-Aubin-du-Cormier,2,certification_commune|lat|lon|x|y,17.5
35256_0301_00021_bis,35256,Saint-Briac-sur-Mer,4,lat|lon|x|y,57.2
35256_0617_00016,35256,Saint-Briac-sur-Mer,2,lat|lon|x|y,44.4
35257_0021_00003,35257,Maen Roch,2,cad_parcelles|lat|lon|type_position|x|y,18.5
35257_7vzwzu_00009,35257,Maen Roch,2,cad_parcelles|lat|lon|x|y,24.6
35257_99slpr_00013,35257,Maen Roch,2,lat|lon|x|y,222.7
35257_mlyz74_00110,35257,Maen Roch,2,cad_parcelles|lat|lon|x|y,36.8
35265_ob7yuk_00002,35265,Saint-Domineuc,2,cad_parcelles|lat|lon|type_position|x|y,80.1
35285_8l0vy3_00001,35285,Saint-Just,2,certification_commune|lat|lon|type_position|x|y,195.2
35286_0009_00004,35286,Saint-Léger-des-Prés,2,certification_commune|lat|lon|type_position|x|y,1851.4
35287_0160_00012,35287,Saint-Lunaire,2,cad_parcelles|lat|lon|type_position|x|y,44.7
35287_0395_00010,35287,Saint-Lunaire,2,cad_parcelles|lat|lon|type_position|x|y,21.9
35287_0520_00204,35287,Saint-Lunaire,2,cad_parcelles|lat|lon|type_position|x|y,37.3
35288_1930_00082_c,35288,Saint-Malo,2,certification_commune,0.0
35288_vp3r5n_00017,35288,Saint-Malo,2,lat|lon|x|y,28.3
35294_b233_00001,35294,Sainte-Marie,2,cad_parcelles|lat|lon|x|y,808.5
35294_b235_00011,35294,Sainte-Marie,2,cad_parcelles|lat|lon|type_position|x|y,21.1
35294_jtoebh_00024,35294,Sainte-Marie,2,lat|lon|type_position|x|y,70.0
35300_0050_00018,35300,Saint-M'Hervé,2,certification_commune|lat|lon|x|y,27.0
35306_0019_00007,35306,Saint-Père-Marc-en-Poulet,2,cad_parcelles|lat|lon|type_position|x|y,303.7
35308_0211_00002,35308,Mesnil-Roc'h,2,cad_parcelles|lat|lon|x|y,10.7
35308_k18d2v_00046,35308,Mesnil-Roc'h,2,cad_parcelles|lat|lon|x|y,78.6
35310_7glz9f_00012,35310,Saint-Sauveur-des-Landes,2,lat|lon|x|y,48.7
35310_fukohe_00025,35310,Saint-Sauveur-des-Landes,2,lat|lon|x|y,105.9
35324_lm8sfq_00302,35324,La Selle-en-Luitré,2,lat|lon|x|y,181.8
35324_lm8sfq_00311,35324,La Selle-en-Luitré,2,certification_commune|lat|lon|x|y,133.4
35327_czbnjv_00032,35327,Servon-sur-Vilaine,2,lat|lon|x|y,304.5
35330_b014_00023,35330,Taillis,2,lat|lon|type_position|x|y,134.6
35330_b014_00025,35330,Taillis,2,lat|lon|type_position|x|y,138.1
35330_d79ifz_00023,35330,Taillis,2,lat|lon|type_position|x|y,184.5
35343_0012_00005,35343,Tresbœuf,2,lat|lon|x|y,263.5
35360_0490_00048,35360,Vitré,3,cad_parcelles|lat|lon|type_position|x|y,24.4
35360_0880_00005,35360,Vitré,2,cad_parcelles|lat|lon|x|y,13.7
